testId,category,requirements,title,precondition,steps,expected,level,platforms,priority,status,evidence
HM-T001,语言与界面,R01;R02;R03,三语言循环切换,已构建对应模块；使用独立测试资料，不覆盖真实用户库,依次切换 zh-Hans、ja、en，检查已打开页面和新弹窗,导航、按钮、提示立即切换，正文与拼音字节不变,平台,iOS;Android;Windows,P0,NOT RUN,
HM-T002,语言与界面,R01;R02;R03,中文隐藏译文,已构建对应模块；使用独立测试资料，不覆盖真实用户库,在有日英译文的词条和课文切为中文,不显示任何辅助译文，容器和留白同时移除,平台,iOS;Android;Windows,P0,NOT RUN,
HM-T003,语言与界面,R01;R02;R03,缺日语译文,已构建对应模块；使用独立测试资料，不覆盖真实用户库,打开只有英语译文的个人词条并选择日语 UI,不回退显示英语，正文正常，编辑页可补译文,平台,iOS;Android;Windows,P0,NOT RUN,
HM-T004,语言与界面,R01;R02;R03,首次系统语言映射,已构建对应模块；使用独立测试资料，不覆盖真实用户库,分别以中文、日语、其他语言系统全新启动,初始 UI 分别为 zh-Hans、ja、en,平台,iOS;Android;Windows,P0,NOT RUN,
HM-T005,语言与界面,R01;R02;R03,保存用户语言,已构建对应模块；使用独立测试资料，不覆盖真实用户库,选择日语后更改系统语言并重启,保留用户明确选择的日语,平台,iOS;Android;Windows,P0,NOT RUN,
HM-T006,语言与界面,R01;R02;R03,语音语言独立,已构建对应模块；使用独立测试资料，不覆盖真实用户库,英语或日语 UI 点击中文例句朗读,使用适用普通话音源，不按 UI 语言读中文,平台,iOS;Android;Windows,P0,NOT RUN,
HM-T007,语言与界面,R01;R02;R03,键盘焦点,已构建对应模块；使用独立测试资料，不覆盖真实用户库,Windows 只用 Tab、Enter、Esc 打开和关闭弹窗,所有核心操作可达，关闭后焦点回原触发控件,平台,iOS;Android;Windows,P0,NOT RUN,
HM-T008,语言与界面,R01;R02;R03,200%文字缩放,已构建对应模块；使用独立测试资料，不覆盖真实用户库,各页面放大系统文字到 200%,汉字拼音不截断，按钮可达，内容可滚动,平台,iOS;Android;Windows,P0,NOT RUN,
HM-T009,语言与界面,R01;R02;R03,窄屏与横屏,已构建对应模块；使用独立测试资料，不覆盖真实用户库,在窄窗口、手机横屏打开词条和放大阅读层,内容不重叠，不依赖固定像素宽度,平台,iOS;Android;Windows,P0,NOT RUN,
HM-T010,语言与界面,R01;R02;R03,屏幕阅读器,已构建对应模块；使用独立测试资料，不覆盖真实用户库,逐项聚焦拼音、录音、收藏和播放按钮,标签表达目标与状态，不重复读每个装饰元素,平台,iOS;Android;Windows,P0,NOT RUN,
HM-T011,语言与界面,R01;R02;R03,红色非唯一提示,已构建对应模块；使用独立测试资料，不覆盖真实用户库,观察四声目标并使用无色感知或读屏,同时有下划线/语义说明，目标仍可辨认,平台,iOS;Android;Windows,P0,NOT RUN,
HM-T012,语言与界面,R01;R02;R03,列表返回保留,已构建对应模块；使用独立测试资料，不覆盖真实用户库,筛选后滚动列表进入详情再返回,保留筛选、查询和滚动位置，不随机回顶部,平台,iOS;Android;Windows,P0,NOT RUN,
HM-T013,拼音教学,R04;R05;R07,拼音分组同页,已构建对应模块；使用独立测试资料，不覆盖真实用户库,滚动拼音页直到全部教学组,声母、韵母等同页可达，没有遗漏类别,平台+内容,iOS;Android;Windows,P0,NOT RUN,
HM-T014,拼音教学,R04;R05;R07,条目正确示范,已构建对应模块；使用独立测试资料，不覆盖真实用户库,点击不同声母/韵母并核对音源清单,播放对应教学音频，不用英文字母读法替代,平台+内容,iOS;Android;Windows,P0,NOT RUN,
HM-T015,拼音教学,R04;R05;R07,长按四声,已构建对应模块；使用独立测试资料，不覆盖真实用户库,长按有四声资料的 m 条目,四行按一至四声纵向排列，显示例词及带调拼音,平台+内容,iOS;Android;Windows,P0,NOT RUN,
HM-T016,拼音教学,R04;R05;R07,长按不重复点播,已构建对应模块；使用独立测试资料，不覆盖真实用户库,从按下至长按触发后松手,只触发长按行为，不额外播放条目点击音,平台+内容,iOS;Android;Windows,P0,NOT RUN,
HM-T017,拼音教学,R04;R05;R07,滚动取消长按,已构建对应模块；使用独立测试资料，不覆盖真实用户库,按下后拖动列表再松手,正常滚动，不误弹四声层,平台+内容,iOS;Android;Windows,P0,NOT RUN,
HM-T018,拼音教学,R04;R05;R07,Windows等价入口,已构建对应模块；使用独立测试资料，不覆盖真实用户库,用鼠标示例按钮或右键打开例词,无需触屏长按也能进入四声示例,平台+内容,iOS;Android;Windows,P0,NOT RUN,
HM-T019,拼音教学,R04;R05;R07,局部拼音标红,已构建对应模块；使用独立测试资料，不覆盖真实用户库,查看 m 对应 mā 与 a 对应 ā 的例词,仅数据指向的拼音范围高亮，不全局替换汉字或相同字母,平台+内容,iOS;Android;Windows,P0,NOT RUN,
HM-T020,拼音教学,R04;R05;R07,点击整行例词,已构建对应模块；使用独立测试资料，不覆盖真实用户库,点击四声行的文字而非小图标,朗读整个例词，目标说明保持一致,平台+内容,iOS;Android;Windows,P0,NOT RUN,
HM-T021,拼音教学,R04;R05;R07,缺示例不编造,已构建对应模块；使用独立测试资料，不覆盖真实用户库,打开某声调没有已审核例词的条目,明确暂无示例，不用轻声顶替、不制造词语,平台+内容,iOS;Android;Windows,P0,NOT RUN,
HM-T022,拼音教学,R04;R05;R07,缺教学音频,已构建对应模块；使用独立测试资料，不覆盖真实用户库,用开发坏素材夹移除一个示范音频,正常提示不可播放且列为素材缺陷，不静默 TTS 冒充,平台+内容,iOS;Android;Windows,P0,NOT RUN,
HM-T023,学习与词条,R06;R07;R08,四种内容入口,已构建对应模块；使用独立测试资料，不覆盖真实用户库,切换词语、课文、语法、诗词,各有对应真实仓储数据与空状态,集成+平台,iOS;Android;Windows,P0,NOT RUN,
HM-T024,学习与词条,R06;R07;R08,多维筛选AND,已构建对应模块；使用独立测试资料，不覆盖真实用户库,同时选择一个场景、难度和学段,结果同时满足各维度条件,集成+平台,iOS;Android;Windows,P0,NOT RUN,
HM-T025,学习与词条,R06;R07;R08,同维多选OR,已构建对应模块；使用独立测试资料，不覆盖真实用户库,同一场景选择家庭与学校,显示属于任一场景并满足其他维度的内容,集成+平台,iOS;Android;Windows,P0,NOT RUN,
HM-T026,学习与词条,R06;R07;R08,学段独立,已构建对应模块；使用独立测试资料，不覆盖真实用户库,选择未标学段与小学标签不同的资料,未标注不自动当小学，难度不强制映射学段,集成+平台,iOS;Android;Windows,P0,NOT RUN,
HM-T027,学习与词条,R06;R07;R08,清除筛选,已构建对应模块；使用独立测试资料，不覆盖真实用户库,应用多个筛选后点清除,恢复默认列表和标签状态,集成+平台,iOS;Android;Windows,P0,NOT RUN,
HM-T028,学习与词条,R06;R07;R08,同字不同义音,已构建对应模块；使用独立测试资料，不覆盖真实用户库,建立两个正文相同但读音/义项不同的词条,具有不同 ID，搜索和详情不混淆,集成+平台,iOS;Android;Windows,P0,NOT RUN,
HM-T029,学习与词条,R06;R07;R08,词条头部播放,已构建对应模块；使用独立测试资料，不覆盖真实用户库,点击大字词条头部,朗读该词条当前义项，不跳到其他同字词,集成+平台,iOS;Android;Windows,P0,NOT RUN,
HM-T030,学习与词条,R06;R07;R08,例句整句朗读,已构建对应模块；使用独立测试资料，不覆盖真实用户库,点击有逗号的例句,朗读整个 example unit，不只读到首个逗号,集成+平台,iOS;Android;Windows,P0,NOT RUN,
HM-T031,学习与词条,R06;R07;R08,个人词条无例句,已构建对应模块；使用独立测试资料，不覆盖真实用户库,保存只有词头的个人词条,能正常打开，无虚构自动例句,集成+平台,iOS;Android;Windows,P0,NOT RUN,
HM-T032,学习与词条,R06;R07;R08,内置编辑保护,已构建对应模块；使用独立测试资料，不覆盖真实用户库,尝试编辑内置正文或拼音,提示复制个人版本，原目录内容不被写坏,集成+平台,iOS;Android;Windows,P0,NOT RUN,
HM-T033,注音阅读与分段,R06;R09;R15,基本Ruby对齐,已构建对应模块；使用独立测试资料，不覆盖真实用户库,显示学习词条和多行课文,每字或合法儿化单元的拼音与正文成组换行,单元+平台,iOS;Android;Windows,P0,NOT RUN,
HM-T034,注音阅读与分段,R06;R09;R15,不同宽度混排,已构建对应模块；使用独立测试资料，不覆盖真实用户库,显示长拼音、汉字、数字、英文和 Emoji,使用真实测量，无空格凑齐造成的偏移,单元+平台,iOS;Android;Windows,P0,NOT RUN,
HM-T035,注音阅读与分段,R06;R09;R15,逗号句号问号分段,已构建对应模块；使用独立测试资料，不覆盖真实用户库,输入今天天气很好，我们去公园。你要一起去吗？,形成三个 speech 段，标点归前段，文本完整还原,单元+平台,iOS;Android;Windows,P0,NOT RUN,
HM-T036,注音阅读与分段,R06;R09;R15,连续标点,已构建对应模块；使用独立测试资料，不覆盖真实用户库,输入真的吗？！好吧……,连续标点作为边界组，无空播放段,单元+平台,iOS;Android;Windows,P0,NOT RUN,
HM-T037,注音阅读与分段,R06;R09;R15,闭引号处理,已构建对应模块；使用独立测试资料，不覆盖真实用户库,输入他说：“你好！”然后走了。,紧随终止标点的闭引号留前段，全部字符保留,单元+平台,iOS;Android;Windows,P0,NOT RUN,
HM-T038,注音阅读与分段,R06;R09;R15,数字时间保护,已构建对应模块；使用独立测试资料，不覆盖真实用户库,输入3.14、10:30和版本1.2.3,不在数字内部标点错误截断,单元+平台,iOS;Android;Windows,P0,NOT RUN,
HM-T039,注音阅读与分段,R06;R09;R15,网址保护,已构建对应模块；使用独立测试资料，不覆盖真实用户库,输入含完整 URL 的句子,不在 URL 内部按句点拆开，原文未改写,单元+平台,iOS;Android;Windows,P0,NOT RUN,
HM-T040,注音阅读与分段,R06;R09;R15,CRLF与空行,已构建对应模块；使用独立测试资料，不覆盖真实用户库,输入包含 CRLF 和空白行的诗文,字符/换行守恒，布局段不触发语音,单元+平台,iOS;Android;Windows,P0,NOT RUN,
HM-T041,注音阅读与分段,R06;R09;R15,枚举顿号,已构建对应模块；使用独立测试资料，不覆盖真实用户库,输入苹果、香蕉和梨。,顿号不单独分出可点击段,单元+平台,iOS;Android;Windows,P0,NOT RUN,
HM-T042,注音阅读与分段,R06;R09;R15,点击片段放大,已构建对应模块；使用独立测试资料，不覆盖真实用户库,点击课文一个小段,同一放大层显示目标，播放到该段末即停止,单元+平台,iOS;Android;Windows,P0,NOT RUN,
HM-T043,注音阅读与分段,R06;R09;R15,重复点击与切段,已构建对应模块；使用独立测试资料，不覆盖真实用户库,正在朗读时点同段，再点另一段,同段停止；另一段替换声音，旧回调不改新高亮,单元+平台,iOS;Android;Windows,P0,NOT RUN,
HM-T044,注音阅读与分段,R06;R09;R15,上下一段导航,已构建对应模块；使用独立测试资料，不覆盖真实用户库,在放大层使用上一段/下一段,只切换显示，默认不自动发声,单元+平台,iOS;Android;Windows,P0,NOT RUN,
HM-T045,注音阅读与分段,R06;R09;R15,全文朗读取消,已构建对应模块；使用独立测试资料，不覆盖真实用户库,开始全文朗读后退出阅读器,后续片段不继续，相关音频和高亮结束,单元+平台,iOS;Android;Windows,P0,NOT RUN,
HM-T046,注音阅读与分段,R06;R09;R15,长无标点正文,已构建对应模块；使用独立测试资料，不覆盖真实用户库,"打开20,000文本元素且无标点的正文",保留一个合法语义段也能布局滚动，不静默截断或按视觉行改语义,单元+平台,iOS;Android;Windows,P0,NOT RUN,
HM-T047,离线字典搜索,R10;R15,汉字精确匹配,已构建对应模块；使用独立测试资料，不覆盖真实用户库,搜索你好,对应已收录词条优先，未知资料不伪造释义,单元+集成,iOS;Android;Windows,P0,NOT RUN,
HM-T048,离线字典搜索,R10;R15,无调分隔输入,已构建对应模块；使用独立测试资料，不覆盖真实用户库,搜索ni hao,召回你好等完整音节匹配词条,单元+集成,iOS;Android;Windows,P0,NOT RUN,
HM-T049,离线字典搜索,R10;R15,无调连续输入,已构建对应模块；使用独立测试资料，不覆盖真实用户库,搜索nihao,可召回同样读音，稳定排序,单元+集成,iOS;Android;Windows,P0,NOT RUN,
HM-T050,离线字典搜索,R10;R15,带调分隔输入,已构建对应模块；使用独立测试资料，不覆盖真实用户库,搜索nǐ hǎo,正确声调完整候选先于无调近似候选,单元+集成,iOS;Android;Windows,P0,NOT RUN,
HM-T051,离线字典搜索,R10;R15,数字声调连续输入,已构建对应模块；使用独立测试资料，不覆盖真实用户库,搜索ni3hao3,与相应带调查询语义一致,单元+集成,iOS;Android;Windows,P0,NOT RUN,
HM-T052,离线字典搜索,R10;R15,大小写与空格,已构建对应模块；使用独立测试资料，不覆盖真实用户库,搜索带首尾空格的大写NI HAO,规范化后结果一致，不改输入法中间状态,单元+集成,iOS;Android;Windows,P0,NOT RUN,
HM-T053,离线字典搜索,R10;R15,ü输入别名,已构建对应模块；使用独立测试资料，不覆盖真实用户库,分别搜索nǚ、nv、nu:,对应 ü 候选一致,单元+集成,iOS;Android;Windows,P0,NOT RUN,
HM-T054,离线字典搜索,R10;R15,u与ü区分,已构建对应模块；使用独立测试资料，不覆盖真实用户库,搜索nu并与nv比较,不无条件等同，正确区分怒/女相关读音,单元+集成,iOS;Android;Windows,P0,NOT RUN,
HM-T055,离线字典搜索,R10;R15,隔音符边界,已构建对应模块；使用独立测试资料，不覆盖真实用户库,搜索xi'an,西安等两音节匹配优先，不伪装成先的精确边界匹配,单元+集成,iOS;Android;Windows,P0,NOT RUN,
HM-T056,离线字典搜索,R10;R15,连续歧义拼音,已构建对应模块；使用独立测试资料，不覆盖真实用户库,搜索xian,可召回先与西安，显示各自真实音节与声调,单元+集成,iOS;Android;Windows,P0,NOT RUN,
HM-T057,离线字典搜索,R10;R15,轻声0和5,已构建对应模块；使用独立测试资料，不覆盖真实用户库,搜索同词的ma0与ma5形式,均按轻声规范处理；无声调不是强制轻声,单元+集成,iOS;Android;Windows,P0,NOT RUN,
HM-T058,离线字典搜索,R10;R15,查询迟到,已构建对应模块；使用独立测试资料，不覆盖真实用户库,快速输入三个查询并让第一个最后返回,只显示最新 queryId 的结果,单元+集成,iOS;Android;Windows,P0,NOT RUN,
HM-T059,离线字典搜索,R10;R15,底部框与IME,已构建对应模块；使用独立测试资料，不覆盖真实用户库,输入中文组合串并弹出键盘,输入框可见，不频繁重写组合文本打断输入法,单元+集成,iOS;Android;Windows,P0,NOT RUN,
HM-T060,离线字典搜索,R10;R15,索引随改音,已构建对应模块；使用独立测试资料，不覆盖真实用户库,修改个人词条读音并保存后立即搜索,新索引原子生效，可重建，旧读音不作当前精确读音,单元+集成,iOS;Android;Windows,P0,NOT RUN,
HM-T061,收藏与设置,R11;R12;R13,收藏夹新增改名,已构建对应模块；使用独立测试资料，不覆盖真实用户库,新建、重命名、改说明后重启,数据保留且标题合法,集成+平台,iOS;Android;Windows,P0,NOT RUN,
HM-T062,收藏与设置,R11;R12;R13,空名和等价名,已构建对应模块；使用独立测试资料，不覆盖真实用户库,输入全空格名称及规范化后相同名称,拒绝空名和普通夹重名，提示可理解,集成+平台,iOS;Android;Windows,P0,NOT RUN,
HM-T063,收藏与设置,R11;R12;R13,多收藏夹同词,已构建对应模块；使用独立测试资料，不覆盖真实用户库,将同一词加入两个收藏夹,两夹各有一次，逻辑内容只有一个,集成+平台,iOS;Android;Windows,P0,NOT RUN,
HM-T064,收藏与设置,R11;R12;R13,重复收藏,已构建对应模块；使用独立测试资料，不覆盖真实用户库,同一夹重复添加同内容,不产生重复关系,集成+平台,iOS;Android;Windows,P0,NOT RUN,
HM-T065,收藏与设置,R11;R12;R13,删除一个收藏夹,已构建对应模块；使用独立测试资料，不覆盖真实用户库,删除包含多条内容的自建夹,原文、音频和其他夹关系保留,集成+平台,iOS;Android;Windows,P0,NOT RUN,
HM-T066,收藏与设置,R11;R12;R13,默认夹保护,已构建对应模块；使用独立测试资料，不覆盖真实用户库,更换语言后检查默认夹并尝试删除,仍是唯一 systemRole 默认夹，不按名称重复创建,集成+平台,iOS;Android;Windows,P0,NOT RUN,
HM-T067,收藏与设置,R11;R12;R13,收藏按钮多选,已构建对应模块；使用独立测试资料，不覆盖真实用户库,已在多个夹收藏时点收藏按钮,展示成员选择；全部取消才取消全部收藏,集成+平台,iOS;Android;Windows,P0,NOT RUN,
HM-T068,收藏与设置,R11;R12;R13,删除个人正文,已构建对应模块；使用独立测试资料，不覆盖真实用户库,删除有收藏与音轨引用的个人内容,先提示影响并确认；合法级联和文件引用检查,集成+平台,iOS;Android;Windows,P0,NOT RUN,
HM-T069,收藏与设置,R11;R12;R13,阅读设置恢复,已构建对应模块；使用独立测试资料，不覆盖真实用户库,改字号/拼音可见性后重启并恢复备份,按数据库设置刷新，不被旧 Preferences 覆盖,集成+平台,iOS;Android;Windows,P0,NOT RUN,
HM-T070,收藏与设置,R11;R12;R13,跨设备语音偏好,已构建对应模块；使用独立测试资料，不覆盖真实用户库,恢复含普通话偏好的备份到无同 voiceId 设备,重新匹配可用语音，不保存无效设备ID阻断恢复,集成+平台,iOS;Android;Windows,P0,NOT RUN,
HM-T071,导入与注音编辑,R14;R15,支持编码,已构建对应模块；使用独立测试资料，不覆盖真实用户库,分别导入UTF-8、UTF-8 BOM、UTF-16 LE/BE BOM的TXT,正确解码，仅移除编码 BOM，内容与换行保留,单元+集成,iOS;Android;Windows,P0,NOT RUN,
HM-T072,导入与注音编辑,R14;R15,不支持编码,已构建对应模块；使用独立测试资料，不覆盖真实用户库,导入无BOM且不是合法UTF-8的文件,明确拒绝/提示转换，不替换成乱码后保存,单元+集成,iOS;Android;Windows,P0,NOT RUN,
HM-T073,导入与注音编辑,R14;R15,文件与正文限额,已构建对应模块；使用独立测试资料，不覆盖真实用户库,"分别超过1MiB TXT或20,000文本元素",两种阈值独立检查，拒绝不截断，原输入可处理,单元+集成,iOS;Android;Windows,P0,NOT RUN,
HM-T074,导入与注音编辑,R14;R15,取消导入,已构建对应模块；使用独立测试资料，不覆盖真实用户库,在预览和注音阶段分别取消,不产生半完成正式内容，临时资料可清理,单元+集成,iOS;Android;Windows,P0,NOT RUN,
HM-T075,导入与注音编辑,R14;R15,草稿恢复,已构建对应模块；使用独立测试资料，不覆盖真实用户库,输入未保存内容并按草稿流程退出重进,恢复已成功落盘草稿，状态不冒充正式保存,单元+集成,iOS;Android;Windows,P0,NOT RUN,
HM-T076,导入与注音编辑,R14;R15,上下文多音字,已构建对应模块；使用独立测试资料，不覆盖真实用户库,输入银行、行走、音乐、快乐测试集,结果对应已校对预期，未知规则有复核状态,单元+集成,iOS;Android;Windows,P0,NOT RUN,
HM-T077,导入与注音编辑,R14;R15,人工带调输入,已构建对应模块；使用独立测试资料，不覆盖真实用户库,将某字读音以lǜ或lv4保存,规范存base=lü、tone=4、display=lǜ,单元+集成,iOS;Android;Windows,P0,NOT RUN,
HM-T078,导入与注音编辑,R14;R15,锁定重生成,已构建对应模块；使用独立测试资料，不覆盖真实用户库,锁定人工读音后再次自动注音,保留锁定项，全部覆盖需预览确认,单元+集成,iOS;Android;Windows,P0,NOT RUN,
HM-T079,导入与注音编辑,R14;R15,插入原文,已构建对应模块；使用独立测试资料，不覆盖真实用户库,在校正字前插入文字并保存,不按旧数组下标把读音套到别字,单元+集成,iOS;Android;Windows,P0,NOT RUN,
HM-T080,导入与注音编辑,R14;R15,重复片段歧义,已构建对应模块；使用独立测试资料，不覆盖真实用户库,重复句子之间插入删除并重分析,不确定对应关系标记复核，不武断绑定旧录音,单元+集成,iOS;Android;Windows,P0,NOT RUN,
HM-T081,导入与注音编辑,R14;R15,未知字与Emoji,已构建对应模块；使用独立测试资料，不覆盖真实用户库,输入生僻字、Emoji、组合字符、繁体,保留原文；非汉字不强行拼音；未知音与轻声区分,单元+集成,iOS;Android;Windows,P0,NOT RUN,
HM-T082,导入与注音编辑,R14;R15,并发编辑冲突,已构建对应模块；使用独立测试资料，不覆盖真实用户库,两编辑器基于相同rowRevision先后保存,后提交获REVISION_CONFLICT并保留草稿，不按时钟覆盖,单元+集成,iOS;Android;Windows,P0,NOT RUN,
HM-T083,声音与录音,R04;R08;R09;R16,单会话播放,已构建对应模块；使用独立测试资料，不覆盖真实用户库,连续点击多条本地音频,始终一项播放，旧音源停止,平台+集成,iOS;Android;Windows,P0,NOT RUN,
HM-T084,声音与录音,R04;R08;R09;R16,迟到完成事件,已构建对应模块；使用独立测试资料，不覆盖真实用户库,旧播放器取消后延迟触发完成,不清掉新声音高亮，不继续旧全文队列,平台+集成,iOS;Android;Windows,P0,NOT RUN,
HM-T085,声音与录音,R04;R08;R09;R16,录音与播放互斥,已构建对应模块；使用独立测试资料，不覆盖真实用户库,播放时开始录音,先停止播放再实际录音，无扬声器任务残留,平台+集成,iOS;Android;Windows,P0,NOT RUN,
HM-T086,声音与录音,R04;R08;R09;R16,录音中点击播放,已构建对应模块；使用独立测试资料，不覆盖真实用户库,正在录音时点词条,不丢失录音，返回明确忙状态,平台+集成,iOS;Android;Windows,P0,NOT RUN,
HM-T087,声音与录音,R04;R08;R09;R16,拒绝麦克风,已构建对应模块；使用独立测试资料，不覆盖真实用户库,首次拒绝录音权限,不循环弹窗，其他学习功能可用,平台+集成,iOS;Android;Windows,P0,NOT RUN,
HM-T088,声音与录音,R04;R08;R09;R16,录音保存链,已构建对应模块；使用独立测试资料，不覆盖真实用户库,录制、停止、试听、重录、保存,实际可听有效音频，文件与所选目标一致,平台+集成,iOS;Android;Windows,P0,NOT RUN,
HM-T089,声音与录音,R04;R08;R09;R16,录音中断,已构建对应模块；使用独立测试资料，不覆盖真实用户库,来电或应用进入后台,状态真实，尽量保留可恢复草稿，不隐蔽续录,平台+集成,iOS;Android;Windows,P0,NOT RUN,
HM-T090,声音与录音,R04;R08;R09;R16,录音上限,已构建对应模块；使用独立测试资料，不覆盖真实用户库,达到时长或字节上限,达到先到阈值安全停止，草稿可试听处理,平台+集成,iOS;Android;Windows,P0,NOT RUN,
HM-T091,声音与录音,R04;R08;R09;R16,格式与实际编码,已构建对应模块；使用独立测试资料，不覆盖真实用户库,导入扩展名正确但不可解码的音频,拒绝并说明，不通过改扩展名伪装格式,平台+集成,iOS;Android;Windows,P0,NOT RUN,
HM-T092,声音与录音,R04;R08;R09;R16,多音轨默认选择,已构建对应模块；使用独立测试资料，不覆盖真实用户库,录内置词条跟读并保存,不默认覆盖标准示范；显式选择才切换,平台+集成,iOS;Android;Windows,P0,NOT RUN,
HM-T093,声音与录音,R04;R08;R09;R16,拼音修改影响声音,已构建对应模块；使用独立测试资料，不覆盖真实用户库,修改有效读音后打开绑定音轨,标记需复核，不宣称TTS自动遵循改音,平台+集成,iOS;Android;Windows,P0,NOT RUN,
HM-T094,声音与录音,R04;R08;R09;R16,仅元数据修改,已构建对应模块；使用独立测试资料，不覆盖真实用户库,只改标题/分类/译文,正文和读音未变的音轨保持适用,平台+集成,iOS;Android;Windows,P0,NOT RUN,
HM-T095,声音与录音,R04;R08;R09;R16,只有整篇音频,已构建对应模块；使用独立测试资料，不覆盖真实用户库,导入整篇录音后点单段,不平均分配时间戳；单段按独立音源或TTS处理,平台+集成,iOS;Android;Windows,P0,NOT RUN,
HM-T096,声音与录音,R04;R08;R09;R16,普通话语音缺失,已构建对应模块；使用独立测试资料，不覆盖真实用户库,设备没有可用中文系统语音,不读成其他语言，仍可阅读/录音,平台+集成,iOS;Android;Windows,P0,NOT RUN,
HM-T097,声音与录音,R04;R08;R09;R16,严格本地模式,已构建对应模块；使用独立测试资料，不覆盖真实用户库,选择localOnly后播放无录音新文本,不调用系统TTS，准确提示缺少本地音频,平台+集成,iOS;Android;Windows,P0,NOT RUN,
HM-T098,声音与录音,R04;R08;R09;R16,分享单独录音,已构建对应模块；使用独立测试资料，不覆盖真实用户库,对选定用户音频调用系统分享,只开放选中文件，接收端可识别真实格式,平台+集成,iOS;Android;Windows,P0,NOT RUN,
HM-T099,分享备份与恢复,R13;R15;R16,内容包范围,已构建对应模块；使用独立测试资料，不覆盖真实用户库,分享一个内容并选择一条音轨,只含选定内容闭包和音轨，不带设置/其他收藏,集成+安全,iOS;Android;Windows,P0,NOT RUN,
HM-T100,分享备份与恢复,R13;R15;R16,完整备份范围,已构建对应模块；使用独立测试资料，不覆盖真实用户库,导出含个人文本校正录音收藏的用户库,所有已保存个人资料与用户音频依赖完整，草稿提示另行保存,集成+安全,iOS;Android;Windows,P0,NOT RUN,
HM-T101,分享备份与恢复,R13;R15;R16,导出期间一致性,已构建对应模块；使用独立测试资料，不覆盖真实用户库,导出时尝试修改内容和执行文件GC,使用一致快照/文件租约，不出现文本和音轨混合版本,集成+安全,iOS;Android;Windows,P0,NOT RUN,
HM-T102,分享备份与恢复,R13;R15;R16,保存取消,已构建对应模块；使用独立测试资料，不覆盖真实用户库,生成包后取消系统保存窗口,显示取消而非已保存，不破坏本地资料,集成+安全,iOS;Android;Windows,P0,NOT RUN,
HM-T103,分享备份与恢复,R13;R15;R16,清单和计数,已构建对应模块；使用独立测试资料，不覆盖真实用户库,修改counts或清单条目后导入,拒绝实体计数/实际文件集合不一致,集成+安全,iOS;Android;Windows,P0,NOT RUN,
HM-T104,分享备份与恢复,R13;R15;R16,包内文件哈希,已构建对应模块；使用独立测试资料，不覆盖真实用户库,篡改contents或音频一个字节,写正式库前拒绝哈希不符,集成+安全,iOS;Android;Windows,P0,NOT RUN,
HM-T105,分享备份与恢复,R13;R15;R16,同包幂等,已构建对应模块；使用独立测试资料，不覆盖真实用户库,连续两次导入完全相同包；删除一次导入条目后明确重新导入；编辑后再次用同备份执行替换恢复,复用收据和映射，不增加重复派生内容；旧收据不阻止明确重装/再次恢复，每次执行身份独立；当前实体存在性和冲突重新检查,集成+安全,iOS;Android;Windows,P0,NOT RUN,
HM-T106,分享备份与恢复,R13;R15;R16,相同包ID异内容,已构建对应模块；使用独立测试资料，不覆盖真实用户库,用相同packageId提供不同有效manifest,拒绝PACKAGE_ID_COLLISION，不静默当新包,集成+安全,iOS;Android;Windows,P0,NOT RUN,
HM-T107,分享备份与恢复,R13;R15;R16,内容ID冲突,已构建对应模块；使用独立测试资料，不覆盖真实用户库,导入同ID但正文或校正不同的内容,保留双方，嵌套unit/token/segment/target关联完整重映射,集成+安全,iOS;Android;Windows,P0,NOT RUN,
HM-T108,分享备份与恢复,R13;R15;R16,同名收藏夹冲突,已构建对应模块；使用独立测试资料，不覆盖真实用户库,导入不同ID但同名夹,确定后缀保留双方，用户显式合并才合并,集成+安全,iOS;Android;Windows,P0,NOT RUN,
HM-T109,分享备份与恢复,R13;R15;R16,默认收藏夹映射,已构建对应模块；使用独立测试资料，不覆盖真实用户库,导入另一语言创建的默认夹,通过systemRole复用本机唯一默认夹,集成+安全,iOS;Android;Windows,P0,NOT RUN,
HM-T110,分享备份与恢复,R13;R15;R16,合并设置策略,已构建对应模块；使用独立测试资料，不覆盖真实用户库,本机英语UI合并日语设置备份且未勾应用设置,保持本机UI；显式选中后才应用备份偏好,集成+安全,iOS;Android;Windows,P0,NOT RUN,
HM-T111,分享备份与恢复,R13;R15;R16,替换安全备份,已构建对应模块；使用独立测试资料，不覆盖真实用户库,执行完整替换并模拟预备份失败,失败即禁止破坏性替换，原库保持有效,集成+安全,iOS;Android;Windows,P0,NOT RUN,
HM-T112,分享备份与恢复,R13;R15;R16,预览计划过期,已构建对应模块；使用独立测试资料，不覆盖真实用户库,生成导入计划后修改本机数据再确认,检测dataEpoch并要求重新预览，不执行旧计划,集成+安全,iOS;Android;Windows,P0,NOT RUN,
HM-T113,分享备份与恢复,R13;R15;R16,提交前崩溃,已构建对应模块；使用独立测试资料，不覆盖真实用户库,正式音频安装后、SQLite提交前终止进程,旧数据有效，新孤立文件可安全回收,集成+安全,iOS;Android;Windows,P0,NOT RUN,
HM-T114,分享备份与恢复,R13;R15;R16,提交后崩溃,已构建对应模块；使用独立测试资料，不覆盖真实用户库,收据COMMIT后、外部日志更新前终止进程,以收据为准识别成功，不错误回滚新数据,集成+安全,iOS;Android;Windows,P0,NOT RUN,
HM-T115,分享备份与恢复,R13;R15;R16,路径穿越与重复,已构建对应模块；使用独立测试资料，不覆盖真实用户库,导入含../、盘符、符号链接或大小写重复路径的包,写正式目录前安全拒绝,集成+安全,iOS;Android;Windows,P0,NOT RUN,
HM-T116,分享备份与恢复,R13;R15;R16,资源与JSON攻击,已构建对应模块；使用独立测试资料，不覆盖真实用户库,导入过量entry、展开超限、深层JSON或重复属性包,流式限额和严格解析拒绝，不耗尽内存或写坏库,集成+安全,iOS;Android;Windows,P0,NOT RUN,
HM-T117,分享备份与恢复,R13;R15;R16,目录版本差异,已构建对应模块；使用独立测试资料，不覆盖真实用户库,恢复有内置快照但本机目录版本不同的包,保留可读快照和音轨关联，缺目录音频准确说明,集成+安全,iOS;Android;Windows,P0,NOT RUN,
HM-T118,分享备份与恢复,R13;R15;R16,音频去重与引用,已构建对应模块；使用独立测试资料，不覆盖真实用户库,同一文件多绑定，删除其中一项后清理,不误删其他绑定/导出租约仍使用的物理文件,集成+安全,iOS;Android;Windows,P0,NOT RUN,
HM-T119,平台交付与可靠性,R01;R13;R14;R16,iOS到Android迁移,已构建对应模块；使用独立测试资料，不覆盖真实用户库,iOS导出基准完整包并在Android恢复试听,设置、收藏、正文、锁定音和用户音频一致,端到端,iOS;Android;Windows,P0,NOT RUN,
HM-T120,平台交付与可靠性,R01;R13;R14;R16,Android到iOS迁移,已构建对应模块；使用独立测试资料，不覆盖真实用户库,Android导出基准完整包并在iOS恢复试听,关联完整，无旧路径或设备语音ID依赖,端到端,iOS;Android;Windows,P0,NOT RUN,
HM-T121,平台交付与可靠性,R01;R13;R14;R16,iOS到Windows迁移,已构建对应模块；使用独立测试资料，不覆盖真实用户库,iOS导出并在Windows恢复，窗口内打开学习,内容、读音、收藏和实际音频可用,端到端,iOS;Android;Windows,P0,NOT RUN,
HM-T122,平台交付与可靠性,R01;R13;R14;R16,Windows到iOS迁移,已构建对应模块；使用独立测试资料，不覆盖真实用户库,Windows导出并在iOS文件选择恢复,字符范围、文件名与权限处理正确,端到端,iOS;Android;Windows,P0,NOT RUN,
HM-T123,平台交付与可靠性,R01;R13;R14;R16,Android到Windows迁移,已构建对应模块；使用独立测试资料，不覆盖真实用户库,Android导出并在Windows恢复,内容和音频一致，无大小写路径冲突,端到端,iOS;Android;Windows,P0,NOT RUN,
HM-T124,平台交付与可靠性,R01;R13;R14;R16,Windows到Android迁移,已构建对应模块；使用独立测试资料，不覆盖真实用户库,Windows导出并在Android恢复,通过流读取，无Windows绝对路径残留,端到端,iOS;Android;Windows,P0,NOT RUN,
HM-T125,平台交付与可靠性,R01;R13;R14;R16,飞行模式闭环,已构建对应模块；使用独立测试资料，不覆盖真实用户库,断网浏览、搜索、导入TXT、自动注音、改音并播放本地音频,核心本地能力可用，不暗接云服务,端到端,iOS;Android;Windows,P0,NOT RUN,
HM-T126,平台交付与可靠性,R01;R13;R14;R16,数据库升级回归,已构建对应模块；使用独立测试资料，不覆盖真实用户库,用含用户资料的旧支持schema升级到新版本,迁移失败回滚，成功后原校正/收藏/音频不丢,端到端,iOS;Android;Windows,P0,NOT RUN,
HM-T127,平台交付与可靠性,R01;R13;R14;R16,搜索性能口径,已构建对应模块；使用独立测试资料，不覆盖真实用户库,10k词条在参考设备Release重复测量,报真实P50/P95与样本；P95目标≤200ms且明确不含防抖,端到端,iOS;Android;Windows,P0,NOT RUN,
HM-T128,平台交付与可靠性,R01;R13;R14;R16,满磁盘及重复操作,已构建对应模块；使用独立测试资料，不覆盖真实用户库,限制磁盘并反复打开关闭读录音与导入,原资料保持、错误真实、无持续句柄或文件泄漏,端到端,iOS;Android;Windows,P0,NOT RUN,
HM-T129,语法与命名,R17;R02,正式品牌一致,对应模块已实现；使用隔离测试库与明确标为测试的资源，不操作真实个人资料,依次切换三种UI，查看主标题、关于、导出来源说明,中文名汉语小伴，英文HanMate；不再出现暂定工程代号,集成/平台,iOS;Android;Windows,P0,NOT RUN,
HM-T130,语法与命名,R06;R07;R18,四类型与预置语法,对应模块已实现；使用隔离测试库与明确标为测试的资源，不操作真实个人资料,切换词语、课文、语法、诗词；打开语法样例,四类均有真实持久数据和详情；草稿素材不伪称正式审核,集成/平台,iOS;Android;Windows,P0,NOT RUN,
HM-T131,语法与命名,R03;R18,中文语法说明保留,对应模块已实现；使用隔离测试库与明确标为测试的资源，不操作真实个人资料,在语法页切中文、日文、英文,中文说明/句型/拼音不改，辅助译文按选择显示，中文不留空白,集成/平台,iOS;Android;Windows,P0,NOT RUN,
HM-T132,语法与命名,R18,语法引用合法性,对应模块已实现；使用隔离测试库与明确标为测试的资源，不操作真实个人资料,导入含跨内容或错误role unitId的grammar,导入前拒绝GRAMMAR_REFERENCE_INVALID，正式数据不变,集成/平台,iOS;Android;Windows,P0,NOT RUN,
HM-T133,语法与命名,R18;R16,句型占位符不误读,对应模块已实现；使用隔离测试库与明确标为测试的资源，不操作真实个人资料,点击句型结构并播放例句，检查实际音源请求,不会把主语/地点/+作为例句交给TTS；音频target指向真实unit,集成/平台,iOS;Android;Windows,P0,NOT RUN,
HM-T134,语法与命名,R08;R18,语法例句整句播放,对应模块已实现；使用隔离测试库与明确标为测试的资源，不操作真实个人资料,点击含逗号的一条例句,整句朗读后停止，不沿用课文点段规则只读半句,集成/平台,iOS;Android;Windows,P0,NOT RUN,
HM-T135,语法与命名,R15;R18,语法人工校正持久,对应模块已实现；使用隔离测试库与明确标为测试的资源，不操作真实个人资料,修改例句拼音锁定，重注音，保存重启,同一出现位置保留锁定校正，其他说明例句不串改,集成/平台,iOS;Android;Windows,P0,NOT RUN,
HM-T136,语法与命名,R18;R19,个人语法创建编辑,对应模块已实现；使用隔离测试库与明确标为测试的资源，不操作真实个人资料,新建句型、说明、一条例句，保存并修改标题,真实持久化，title变化不使未变例句录音失效,集成/平台,iOS;Android;Windows,P0,NOT RUN,
HM-T137,语法与命名,R11;R18;R19,语法收藏删除保护,对应模块已实现；使用隔离测试库与明确标为测试的资源，不操作真实个人资料,收藏资源语法并绑定用户录音，再卸载源包,收藏可打开retained快照、录音不丢，正常学习列表撤下,集成/平台,iOS;Android;Windows,P0,NOT RUN,
HM-T138,语法与命名,R06;R18,语法分类筛选,对应模块已实现；使用隔离测试库与明确标为测试的资源，不操作真实个人资料,组合场景/难度/学段筛选后清除,同维度OR跨维度AND，未标学段不当小学，返回保留筛选,集成/平台,iOS;Android;Windows,P0,NOT RUN,
HM-T139,语法与命名,R18;R21,语法内容包往返,对应模块已实现；使用隔离测试库与明确标为测试的资源，不操作真实个人资料,分享有校正的完整语法点到新库,句型、说明、例句、所有unit引用与校正完整可编辑,集成/平台,iOS;Android;Windows,P0,NOT RUN,
HM-T140,语法与命名,R14;R18,TXT转语法草稿,对应模块已实现；使用隔离测试库与明确标为测试的资源，不操作真实个人资料,导入普通TXT并选择语法，不补句型或例句即提交,原文进入说明草稿可保留；不伪造结构，不完整时拒绝正式提交,集成/平台,iOS;Android;Windows,P0,NOT RUN,
HM-T141,内容资源生命周期,R19;R22,本地学习包安装,对应模块已实现；使用隔离测试库与明确标为测试的资源，不操作真实个人资料,导入含四种内容的合法资源包并重启；在基础文本安装阶段选择含音频包,包登记、版本、内容映射、音频及索引一致，无需网络；音频能力未完成时整包拒绝，不允许删去音轨后标安装成功,集成/平台,iOS;Android;Windows,P0,NOT RUN,
HM-T142,内容资源生命周期,R19,同包重复安装,对应模块已实现；使用隔离测试库与明确标为测试的资源，不操作真实个人资料,同一resourceId/version/语义包导入两次,不重复内容、索引或音轨；收据可追溯,集成/平台,iOS;Android;Windows,P0,NOT RUN,
HM-T143,内容资源生命周期,R19,同版本不同载荷,对应模块已实现；使用隔离测试库与明确标为测试的资源，不操作真实个人资料,修改同资源同版本的正文并重算清单后尝试安装,拒绝RESOURCE_VERSION_COLLISION，旧版完整保留,集成/平台,iOS;Android;Windows,P0,NOT RUN,
HM-T144,内容资源生命周期,R19;R20,资源身份和类型保护,对应模块已实现；使用隔离测试库与明确标为测试的资源，不操作真实个人资料,用字典类型更新学习包，或外包冒用内置保留ID,拒绝种类改变和受保护ID碰撞，不凭publisher字段授权,集成/平台,iOS;Android;Windows,P0,NOT RUN,
HM-T145,内容资源生命周期,R19,禁用与卸载区别,对应模块已实现；使用隔离测试库与明确标为测试的资源，不操作真实个人资料,禁用学习资源再启用，并检查空间显示,列表/搜索立即更新；禁用不宣称已释放文件空间，收藏仍可读,集成/平台,iOS;Android;Windows,P0,NOT RUN,
HM-T146,内容资源生命周期,R19,资源单条撤下持久,对应模块已实现；使用隔离测试库与明确标为测试的资源，不操作真实个人资料,撤下某一资源词语/课文/语法/诗词并重启,该entry普通列表不可见，其余条目正常，撤下标记持久,集成/平台,iOS;Android;Windows,P0,NOT RUN,
HM-T147,内容资源生命周期,R19,更新不复活撤下项,对应模块已实现；使用隔离测试库与明确标为测试的资源，不操作真实个人资料,撤下entry后安装更高资源版本,同entry仍被撤下，其他更新显示，个人副本不被覆盖,集成/平台,iOS;Android;Windows,P0,NOT RUN,
HM-T148,内容资源生命周期,R11;R16;R19,卸载引用保护,对应模块已实现；使用隔离测试库与明确标为测试的资源，不操作真实个人资料,收藏条目且有用户音轨，预览后默认卸载；另含被四声例词与高亮引用的条目,受引用内容快照和目标ID保留，用户音频不被级联删除；教学入口仍可读取例词/正确高亮/审核音源，普通列表撤下，保留占用可解释,集成/平台,iOS;Android;Windows,P0,NOT RUN,
HM-T149,内容资源生命周期,R19,资源删除不伤个人副本,对应模块已实现；使用隔离测试库与明确标为测试的资源，不操作真实个人资料,复制资源内容为个人版并修改，再卸载源包,个人原文/校正/音轨保持；资源新版本不覆盖该副本,集成/平台,iOS;Android;Windows,P0,NOT RUN,
HM-T150,内容资源生命周期,R13;R19,资源事务失败恢复,对应模块已实现；使用隔离测试库与明确标为测试的资源，不操作真实个人资料,在安装文件后/SQLite提交前注入错误和磁盘不足,旧资源/查询完整，新孤立文件可清理，无半安装成功状态,集成/平台,iOS;Android;Windows,P0,NOT RUN,
HM-T151,内容资源生命周期,R22,未来下载边界,对应模块已实现；使用隔离测试库与明确标为测试的资源，不操作真实个人资料,飞行模式安装本地资源，检查依赖和网络日志,统一安装服务可用，无账户/商城/下载服务器前置和隐性网络请求,集成/平台,iOS;Android;Windows,P0,NOT RUN,
HM-T152,内容资源生命周期,R19,重装和恢复条目,对应模块已实现；使用隔离测试库与明确标为测试的资源，不操作真实个人资料,卸载后重装相同资源，恢复特定撤下项；卸载随附包后重启并模拟应用目录升级，再显式重装,同版复用正确身份和依赖，不生成重复收藏；仅恢复选中entry；启动/升级不自动复装，重装比较只规范化 retained 所有权标签并校验原身份，撤下偏好保留,集成/平台,iOS;Android;Windows,P0,NOT RUN,
HM-T153,字典管理,R20,字典本地安装,对应模块已实现；使用隔离测试库与明确标为测试的资源，不操作真实个人资料,从P14导入合法handict，汉字/拼音查询,资源登记正确，词条带来源，kind均为word,集成/平台,iOS;Android;Windows,P0,NOT RUN,
HM-T154,字典管理,R10;R20,字典启停生效,对应模块已实现；使用隔离测试库与明确标为测试的资源，不操作真实个人资料,查询一个仅此字典有的词，禁用后继续查询再启用,禁用候选消失、启用恢复，开关写入失败不假生效,集成/平台,iOS;Android;Windows,P0,NOT RUN,
HM-T155,字典管理,R14;R15;R20,最后字典卸载与注音隔离,对应模块已实现；使用隔离测试库与明确标为测试的资源，不操作真实个人资料,卸载所有查询字典，导入新文本并查看既有锁定拼音,基础自动注音正常，锁定校正不丢，个人学习词仍可查,集成/平台,iOS;Android;Windows,P0,NOT RUN,
HM-T156,字典管理,R10;R20,多字典优先级持久,对应模块已实现；使用隔离测试库与明确标为测试的资源，不操作真实个人资料,调整两个字典顺序、重启、查相同精确词,同匹配层级按持久来源顺序，不随机变化,集成/平台,iOS;Android;Windows,P0,NOT RUN,
HM-T157,字典管理,R10;R20,同字不同音义保留,对应模块已实现；使用隔离测试库与明确标为测试的资源，不操作真实个人资料,安装两个含不同读音/定义的同字词条来源,独立身份/来源可见，不把定义或音轨混合覆盖,集成/平台,iOS;Android;Windows,P0,NOT RUN,
HM-T158,字典管理,R20,字典拒绝非词条,对应模块已实现；使用隔离测试库与明确标为测试的资源，不操作真实个人资料,将grammar内容装入dictionary描述并校验,Schema/业务验证拒绝，数据库约束辅助防护，不半安装,集成/平台,iOS;Android;Windows,P0,NOT RUN,
HM-T159,字典管理,R10;R20,来源改变丢弃旧查询,对应模块已实现；使用隔离测试库与明确标为测试的资源，不操作真实个人资料,发起慢查询和分页后禁用其字典,旧query/epoch结果不能回写，旧游标提示重查,集成/平台,iOS;Android;Windows,P0,NOT RUN,
HM-T160,字典管理,R11;R16;R20,字典卸载保留收藏录音,对应模块已实现；使用隔离测试库与明确标为测试的资源，不操作真实个人资料,收藏并录音某字典词条，然后卸载字典,收藏打开只读历史来源，自己的音轨可用，不参与普通搜索,集成/平台,iOS;Android;Windows,P0,NOT RUN,
HM-T161,字典管理,R10;R20,匹配等级优先来源,对应模块已实现；使用隔离测试库与明确标为测试的资源，不操作真实个人资料,高优先级字典只有包含命中，低优先级有精确命中,精确命中仍在前，来源优先级不越过语义等级,集成/平台,iOS;Android;Windows,P0,NOT RUN,
HM-T162,字典管理,R13;R20,字典设置离线恢复,对应模块已实现；使用隔离测试库与明确标为测试的资源，不操作真实个人资料,备份有启停/优先级/撤下的多个许可允许字典到新库,来源数据与用户管理状态一致，查询结果可复现,集成/平台,iOS;Android;Windows,P0,NOT RUN,
HM-T163,字典管理,R03;R20,字典中文释义不隐藏,对应模块已实现；使用隔离测试库与明确标为测试的资源，不操作真实个人资料,打开有definition及日英翻译的词条，切换三语言,中文释义固定保留，只有辅助译文随设置或隐藏,集成/平台,iOS;Android;Windows,P0,NOT RUN,
HM-T164,字典管理,R20,不支持字典格式提示,对应模块已实现；使用隔离测试库与明确标为测试的资源，不操作真实个人资料,选择任意MDX或改后缀但非合法HanMate包的文件,清楚说明格式不支持，不执行/误读，不声称所有字典可用,集成/平台,iOS;Android;Windows,P0,NOT RUN,
HM-T165,分享与兼容迁移,R21,四类单条分享,对应模块已实现；使用隔离测试库与明确标为测试的资源，不操作真实个人资料,分别分享word/text/grammar/poem并校验导入,四类均保留必要正文、拼音和元数据，进入正确详情,集成/平台,iOS;Android;Windows,P0,NOT RUN,
HM-T166,分享与兼容迁移,R21,多选混合分享,对应模块已实现；使用隔离测试库与明确标为测试的资源，不操作真实个人资料,同时选词语、课文、语法、诗词各一项,生成一个包恰好含所选完整内容及依赖，不带未选项,集成/平台,iOS;Android;Windows,P0,NOT RUN,
HM-T167,分享与兼容迁移,R16;R21,音轨选择和默认引用过滤,对应模块已实现；使用隔离测试库与明确标为测试的资源，不操作真实个人资料,条目有多条私人音轨，只选其中一条分享,仅该音轨字节/绑定可见，未选preferences不悬空或泄露,集成/平台,iOS;Android;Windows,P0,NOT RUN,
HM-T168,分享与兼容迁移,R16;R21,单独录音分享,对应模块已实现；使用隔离测试库与明确标为测试的资源，不操作真实个人资料,真实录音停止写完后分享文件，用独立播放器打开,声音可听、后缀编码一致，不需HanMate；不假称含注音,集成/平台,iOS;Android;Windows,P0,NOT RUN,
HM-T169,分享与兼容迁移,R03;R21,中文显示不删译文数据,对应模块已实现；使用隔离测试库与明确标为测试的资源，不操作真实个人资料,中文UI分享同时含日英译文的条目，接收方切日语,原译文仍存在，发送UI仅控制显示不是数据过滤,集成/平台,iOS;Android;Windows,P0,NOT RUN,
HM-T170,分享与兼容迁移,R21,受限素材分享阻断,对应模块已实现；使用隔离测试库与明确标为测试的资源，不操作真实个人资料,选择不允许再分发的文本/音频与本人录音混合,明确阻断受限载荷，不以快照绕过；合法单录音单独处理,集成/平台,iOS;Android;Windows,P0,NOT RUN,
HM-T171,分享与兼容迁移,R21,分享隐私白名单,对应模块已实现；使用隔离测试库与明确标为测试的资源，不操作真实个人资料,检查内容包所有entry与JSON键、模拟夹带settings/resources,无未选资料/设置/字典状态；违规管理文件直接拒绝,集成/平台,iOS;Android;Windows,P0,NOT RUN,
HM-T172,分享与兼容迁移,R18;R21,语法冲突全图重映射,对应模块已实现；使用隔离测试库与明确标为测试的资源，不操作真实个人资料,同ID不同语法内容包导入，包含audio target,派生content/unit/token/segment及grammar引用全部一致,集成/平台,iOS;Android;Windows,P0,NOT RUN,
HM-T173,分享与兼容迁移,R13;R20;R21,三类包入口分派,对应模块已实现；使用隔离测试库与明确标为测试的资源，不操作真实个人资料,从分享入口选到backup或resource，检查确认页面,显示正确用途，content不能替换用户全局数据或安装/改字典,集成/平台,iOS;Android;Windows,P0,NOT RUN,
HM-T174,分享与兼容迁移,R13;R18;R19;R20,新协议完整备份往返,对应模块已实现；使用隔离测试库与明确标为测试的资源，不操作真实个人资料,带语法、资源/字典、收藏、校正、用户录音完整备份恢复；携带标准资源音频并调整用户默认音轨,所有应含数据与状态一致；实际音频要三平台试听才PASS；发布载荷指纹不受用户偏好影响，可备份资源标准音频不一律排除,集成/平台,iOS;Android;Windows,P0,NOT RUN,
HM-T175,分享与兼容迁移,R13;R20;R22,部分资源备份缺失提示,对应模块已实现；使用隔离测试库与明确标为测试的资源，不操作真实个人资料,资源许可限制形成referenceOnly，离线新机恢复,导出/导入明确缺失；未安装不启用、不自动联网；个人资料可用,集成/平台,iOS;Android;Windows,P0,NOT RUN,
HM-T176,分享与兼容迁移,R13;R15;R18,旧v1包显式升级,对应模块已实现；使用隔离测试库与明确标为测试的资源，不操作真实个人资料,以archive/v2_baseline旧包校验并转换再导入,原文/ID/范围/校正/收藏/音轨不改；补空资源登记不卸载本机源,集成/平台,iOS;Android;Windows,P0,NOT RUN,
