subjectId,entries,first,last,membersSha256
dictionary-batch:xinhua:0001,1000,了,世,236a59cba8e2934326bf5cd0c59277824ad9471f712381f1c260b24b6d0703e3
dictionary-batch:xinhua:0002,1000,职权,颜色,4dbfb3865fe8b15681ca98867825b2a163701993ccb3282d5df8abe0d39dc8ed
dictionary-batch:xinhua:0003,1000,头发,中外,282e203a0cced97634d7940f0e8f53dff58a150e8a3b30465342e141011c4895
dictionary-batch:xinhua:0004,1000,名城,再度,02458b11097d92d7c06a5a040c8e96170cf42f02e1bd6d796619da538cfb79b7
dictionary-batch:xinhua:0005,1000,吏部,醇,f3fe3d6759ac22c866ec306a9ce302d99faa7f24ea42636b8570ab22810b41c0
dictionary-batch:xinhua:0006,1000,牢牢,沿途,db2d6e2e74252af46dfddd322e6b989acc3b9f33b07e87b5acabc0d054c8fff2
dictionary-batch:xinhua:0007,1000,草地,五星红旗,7c06f6903c20f425647965408d5c61c212bbd1ebd29e43b1c508bc044dce5509
dictionary-batch:xinhua:0008,1000,名优,半分,89b7ef378d2606866af8bcead052c56ebb3352609892fa05fc7f26309c7a3ac1
dictionary-batch:xinhua:0009,1000,大喜,淖,96b7ec0d7d83497abfe35412865e91a469d7cba663894db94bbcfc564e827367
dictionary-batch:xinhua:0010,1000,渗,恍,ffae31f18901c148e407d2c017b05dc54fb95ca91e3456daf5dd49725a178794
dictionary-batch:xinhua:0011,1000,所作所为,陶醉,aca6669dd1e7479605d6887d716f4213e21f2a43b187e80e641a53c8a7a505a0
dictionary-batch:xinhua:0012,1000,青木,脾胃,7e6cb2651849c9807dbaf4d7f8a8d1cd0d89c96252646e8b8e30992f645d133a
dictionary-batch:xinhua:0013,1000,自刎,河源,7a88e232e40b027bcd1be97fd6863915318e3fa5cccdd159d1a2a1f8f66d9302
dictionary-batch:xinhua:0014,1000,消瘦,贫农,97571ff683509ae96c374b6eec6fbb96ca6b2f8507b7a9655672f70576d0f3fd
dictionary-batch:xinhua:0015,1000,退走,岣,ff8fb94a0e48513279b158ec695e826298441e3b8824c6cef448f9cd9f88960a
dictionary-batch:xinhua:0016,1000,志向,芦,622b124a30d92136a1907631bef4a79c6e4c6913f82f1f08088176f1d86e4634
dictionary-batch:xinhua:0017,1000,评语,地磁,076cf6a718eea679637074d88621d2f35e948e501607bc3b5d5b2c3c079f52a1
dictionary-batch:xinhua:0018,1000,孤寂,身体力行,0ffa71e0f0a300c05b44b43e624ad53acda7c2a08dcac9f9f9ec40a067c47d5b
dictionary-batch:xinhua:0019,1000,远山,乐工,45259595cba3801ac0e11bf85b5f915e17f20b099281a7858ea0ddc4374b9730
dictionary-batch:xinhua:0020,1000,二进制,马驹,dab57f30ae265433975dfb2d0a328e05d77124f875243fe5a9203f2e6387eec2
dictionary-batch:xinhua:0021,1000,魔力,多姿,9f06f1a0ae9c5cef1793f6906035a7d5a13962ac9330f9b4e17eec3c7dbf2dbe
dictionary-batch:xinhua:0022,1000,大号,齐刷刷,cdc9758323b2753a43fcebcd9450417f031ab431fe1e0affe9becc997deec1d7
dictionary-batch:xinhua:0023,1000,龌龊,芸香,8d34373cc99c51e86f7c347b15a510f8c4362fc8fb6e42f02b82b9efea743e73
dictionary-batch:xinhua:0024,1000,苗头,心扉,cd0e007fee1c35a95abe9cfb840e6eab95c0bb6ee79e3cbdf4f95747e78356d7
dictionary-batch:xinhua:0025,1000,怨天尤人,高利,d220e83f3a5305a2902980639236700e2052e934a7c4ce72807bcf418c5a1ac5
dictionary-batch:xinhua:0026,1000,高枕无忧,蛆虫,7ff436d42a28240474deda8ea098df946f27e3e87faa622d0b58cb3ce8760ec9
dictionary-batch:xinhua:0027,1000,蛮荒,前仰后合,9bc06d806ee0d036a983ae35a170fef5327e06522c2e7101ea2b08d7df3c6c54
dictionary-batch:xinhua:0028,1000,前臂,共同社,4a23576b865ca55db329988c96de9ae6ffbdecd40aef8e1424012a38c67fb433
dictionary-batch:xinhua:0029,1000,养家糊口,诼,82cbebd3345fcf3cce2df573e8a8ac5cb8ca057cd46bc01808525d4a44585e13
dictionary-batch:xinhua:0030,1000,谲,戒除,da4f2729f96410e421de5f0dcaacbe552994a073f24b3c55605b6b1d3145cf5b
dictionary-batch:xinhua:0031,1000,截取,挽歌,d964227b9d366f766b52418bb5a5963750930e962372b6af671b60526995d5bd
dictionary-batch:xinhua:0032,1000,捆缚,助听器,f0823e6c7f50a2e1500d8150a1512dcad33f07f1f8ac3526ffc073a31e33d33d
dictionary-batch:xinhua:0033,1000,募兵制,溶溶,68681e15ad44549af7f1c764f14cbdcda45111f8bf4ff03ca00b0b22c56f29b9
dictionary-batch:xinhua:0034,1000,漂洗,顺气,2de87669af7c24f1f2b3f4cc48bc9ca85794832bce2a81c6d7d0425e3fddbc89
dictionary-batch:xinhua:0035,1000,颤音,受纳,1bfb2a9a1a40fad8b60327b53f0ec12bdebc8ae71adad903924ff9952d485f80
dictionary-batch:xinhua:0036,1000,叠嶂,大眼贼,3959187b928079a6632c70792cbb5077bcd8f1279731c98899faf61c7fb527c2
dictionary-batch:xinhua:0037,1000,大雨滂沱,名重一时,c95e885ce84bedd03cc7a68fe8c669b95c94cae4a92ef4877069cb05817c6e31
dictionary-batch:xinhua:0038,1000,吞蚀,世伯,2db2c8f036620263fb72e0ac3d03a0da5e81c4045e100b3e5889c4899ca2cb9c
dictionary-batch:xinhua:0039,1000,丛谈,猎场,320ecd78f2875079b455c41966c094dfda479b75a94c2e08bf1ea1e580a5ab8b
dictionary-batch:xinhua:0040,1000,猪栏,兔儿爷,35c7f02ecf5046a6d9e09f3f454d59c2801b449ed9f05ba12b8baf0978003df4
dictionary-batch:xinhua:0041,1000,入队,晓风残月,2aa3de71ab81a29dba9a2c344b50faf0f6a0bbdccc777209077039bfa83fce8d
dictionary-batch:xinhua:0042,1000,景炎,芽茶,53c6c8dc3ccc9a00f01ac4648b2d384425cb54a24dc751190a5ce8d0ee5b193c
dictionary-batch:xinhua:0043,1000,苾,鲠,42fa570b08e725cb0e8db9c8446c23823f9c8541aa25c8a46ced64c003ac2fb3
dictionary-batch:xinhua:0044,1000,鲮鲤,儙,e44c2ec3f3bcc58cc637907f2948bd007e52cbe25b532a5b5b89364b66524353
dictionary-batch:xinhua:0045,1000,全无心肝,儿女情,2f95c44c18068cf1b28f8decac26fa6b27db2d5f8adaf7d7e01522b1a41df8ef
dictionary-batch:xinhua:0046,1000,先人后己,东方不亮西方亮,3570ebf5d1877efe13a3e5ba7f848c3f7d9aa559d6ac62260113b78007c00b2c
dictionary-batch:xinhua:0047,1000,东风压倒西风,退耕,d726bedf21b72f3ac86ab2162ae5937560bcce6b5744e99d00cdc5ccda85328f
dictionary-batch:xinhua:0048,1000,送人情,砚田,f4b2f2b1d70cc9170d0be5d71c45ada867b03da11a3f59ef8a13e51b6d3b7e31
dictionary-batch:xinhua:0049,1000,破罐破摔,恣睢,73f30fa54d0e780f604157512422d4240fd40b415572339e5fd7b39ce429491b
dictionary-batch:xinhua:0050,1000,恨入骨髓,一世龙门,3d55d7044f85d57b27c0a87660eaf7aeb1568fa8fe70f90e9b040934c0dea943
dictionary-batch:xinhua:0051,1000,一丘一壑,不敏,bb42cd80976c3bae7a843c534ca47dcc121e275b6c14b4894dce43acc7e474cd
dictionary-batch:xinhua:0052,1000,不教之教,乡友,4f4ffdd687c7cd9cd52dacdf5d22c0583bd36bd18f44c1e32add651f0c17564d
dictionary-batch:xinhua:0053,1000,乡味,伐毛换髓,83aacf0cfc102765bc0777f5762acfb6711e8a5d1073bd9664b7db9baec62511
dictionary-batch:xinhua:0054,1000,伐毛洗髓,克食,94cdf9355510762d0df6ce560a63f7a5b773935a584601f77d2e755d323be5fe
dictionary-batch:xinhua:0055,1000,免官,分账,a7700223817cf361421a7899b84750cae1459a4c0d834b6c77397be4768c95e5
dictionary-batch:xinhua:0056,1000,分贫振穷,博学洽闻,33e5e0bd03a9915681e8bd32fa9be505bd8e3d754b9c69d6302afffbb3b119bc
dictionary-batch:xinhua:0057,1000,博弈犹贤,告绝,ec959c19754c02fbbc66c074f5ed3f64c12e6c40783dac8411eee8ad78a6e6de
dictionary-batch:xinhua:0058,1000,告老在家,填具,2a00826b7645bea309aeb3e9236d0c85da245fe7ae667028fe14718632fd6a14
dictionary-batch:xinhua:0059,1000,填列,婢仆,99cfacccb99bbe7a04df575a8ec9a01c3d85237cdc5a21e2ab89879e6d01cb89
dictionary-batch:xinhua:0060,1000,婢作夫人,尾楼,641e9fae81ef47f6c2441a2de82d908b9ccf6e1f23563c59c4444be482f2ae6c
dictionary-batch:xinhua:0061,1000,尾生之信,弊车羸马,c805cc04ef4561c2bbce5bee824fc23b4d6304527a83532e9b49cf4c8f820825
dictionary-batch:xinhua:0062,1000,弋腔,恼乱,a8bc77e549724666b81ffd3b8042863ed461131228c2a666755a2128c83878c5
dictionary-batch:xinhua:0063,1000,恼羞变怒,折征,17406d24e5449fa39646eefed5aa460f8b3664c71afcf43876b9ff70658bae34
dictionary-batch:xinhua:0064,1000,折槁振落,搔首踟蹰,64c705b60db49b507791f34425e6b2167681112ee57c640d4c5c0758d8656cda
dictionary-batch:xinhua:0065,1000,搜奇抉怪,族兄,dc7334566fbf8a55c6e0e036f13bfb30d1b1d5d98d9116217f83d47938e9f7ac
dictionary-batch:xinhua:0066,1000,族姓,有闲,d8d18a5ff73160ce8becdc2e36584d8607913ae8ea9a8d5c869d9edbcff0df97
dictionary-batch:xinhua:0067,1000,有间,栽花,8b60cb6147e8c656e6ef13c20e86edd649af5010c11800ec67a7e7b33cf549e4
dictionary-batch:xinhua:0068,1000,栽诬,水落归槽,5393145f2c4ab2e47b5abcd251c692360c4c436b9dd46179b84a2aec067d600d
dictionary-batch:xinhua:0069,1000,水落归漕,深切着明,0430b45cd3a62059a07b19129360fbd7697f8a2418040a87c4ee5c4f46faf710
dictionary-batch:xinhua:0070,1000,深切着白,燕岱之石,25202d0abf35841b34c33ec51d134e667d3fd46c3b99a4b97f0a092f6f4e753a
dictionary-batch:xinhua:0071,1000,燕巢,申告,6d00d683abe33c159fa654a56b5c3fc7c995bfa9b92778799ab670a92e0434e9
dictionary-batch:xinhua:0072,1000,申复,眼皮子浅,a200fc0555cb7c9387bfe83bb9e0c41a476c9125a48f34bc7d0636acff48d6d7
dictionary-batch:xinhua:0073,1000,眼皮底下,积不相能,3d2fd2b351c2659060fa7a3f0123d49138d9910a60e285cea63c76f5c5264224
dictionary-batch:xinhua:0074,1000,积久,练练,4c05e6c6c07f2c62134deec29b693db1c839d06979b100e8b940156add1949ff
dictionary-batch:xinhua:0075,1000,练达老成,腰巾,bddae01e4a9f38287959f487e072f67aae798a809ca168b8e1dd7727cf0462de
dictionary-batch:xinhua:0076,1000,腰缠,虐刑,8f2af9c84c079f9afa1790c4e6447ba92add6440696d4510d405e233adf31993
dictionary-batch:xinhua:0077,1000,虐暑,警辟,f3b62439b25f43cec2a8e17ebe9d7276c13e4cf0eea319ae5615ea29dfb6b6ec
dictionary-batch:xinhua:0078,1000,譬若,贴己,2693113c127c3445e2fe744decff2a3cdcd8e773c4c6148c3e413d813d657016
dictionary-batch:xinhua:0079,1000,贴平,过生日,f6d0a78eccf1d7c4c0b62634cbc0f938b825ae67871f11509370a114a4ec7019
dictionary-batch:xinhua:0080,1000,过礼,遥闻,82e5f51d0ec1fbbbacb2771c91b35f3f62f31b1770c50bcca02bee9fe0bcbcf8
dictionary-batch:xinhua:0081,1000,遨翔自得,镂月裁云,55f9648d02c82764a6c7d233d2e682c3924b52aabbb46062193d9c8a3a3c9963
dictionary-batch:xinhua:0082,1000,镂版,青衣人,1e44dfe0ccfc5f30544e4ea35950021eec3e1392a555e692c4ccf0f971ba04be
dictionary-batch:xinhua:0083,1000,青衫司马,驷马不追,51cf3e8e727c61ff77ed0fa35ea4bcf83a1b41ceb00f21b9cea9665516742a41
dictionary-batch:xinhua:0084,1000,驷马仰秣,默思,a98e61f7eceb1fb2c25a65a3aa1bcfa153c3cfcf96716b303bf7d4f88d60fd7d
dictionary-batch:xinhua:0085,1000,默换潜移,宿业,a7decd0057fc792f9b0896d7b832273c174fadba01906819ba83d839dc320001
dictionary-batch:xinhua:0086,1000,宿地,空类,37d1f03dd201db4159d11f73337bf13a54907271f340f57a34a71bee08f8a633
dictionary-batch:xinhua:0087,1000,空耗,一唱,201a52af28995673e1c3905dcc4dcfe07c1349cdd19da200d250947f6207b995
dictionary-batch:xinhua:0088,1000,一唾,三书六礼,056a9860d49d69b893ab02fea4615e362c1014f5d50e9813001d17623f03a2ce
dictionary-batch:xinhua:0089,1000,三事,上干,2e9ea696b082c3a7e9407abb3e2f365245b57d51ea16b715007fc66fe465e90f
dictionary-batch:xinhua:0090,1000,上平,丑地,e0a85f055890053949b557c6b81191a0c77e2584bad381d56fe9420a7d3c2f3f
dictionary-batch:xinhua:0091,1000,丑声,丝竹会,d40c984ecebc7be59c0b99670ee84f73071597089cb76faf714928567fe71bd1
dictionary-batch:xinhua:0092,1000,丝管,中覆,cb3e1cf54b5ac44fd09f19e572841c11e6f0d15960c2a520167ed5450131946b
dictionary-batch:xinhua:0093,1000,中见,乌几,fa05961635d9584c05208eee8071e648590dbbfd0a20e8729742fbc50d952ada
dictionary-batch:xinhua:0094,1000,乌剌赤,乡账,f6b138f90fc9f7340dd4c6d4e62775652a2cfb2847659e5c9cc94ac4becddcf9
dictionary-batch:xinhua:0095,1000,乡贯,云头篦,2c5ece481fd151abe4d54166ad6002db6b8a7d7fc652b646cf7fd3870c7457c3
dictionary-batch:xinhua:0096,1000,云女,五马贵,72a6c6ba79f390defb22b61d890752a411d0bfa509b11ba92be900fa4b26c910
dictionary-batch:xinhua:0097,1000,五驭,亲通,a82ea5caf2804e169120914ec4256a6f773607bd073dba85d14458fec710222b
dictionary-batch:xinhua:0098,1000,亲遇,仙游潭,bc4a54fb603b3bc8f5fa6c0fa7df8f9a7668952fb7c90b9bf4ebf56c62055581
dictionary-batch:xinhua:0099,1000,仙滋,众口嚣嚣,acebc620da263386ec0678e99af28fff0ad7173683a6c87d69e5f9c4c6c34f76
dictionary-batch:xinhua:0100,1000,众口籍籍,低簪,efbbfe695523c2715d47da63ebc8c2cf83e334456048cccecc8a1c85436894ef
dictionary-batch:xinhua:0101,1000,低羞笃速,佣保,76e5b72fd0c203b58533841902bbac2adc3b6dba946264652b967cc4e665a385
dictionary-batch:xinhua:0102,1000,佣值,俊士,f86c601347c0b5b0eeeaed83da9878bb16c26bb3b13e0a83792011122c243b54
dictionary-batch:xinhua:0103,1000,俊壮,倚倾,236551a51e719f5af886ad39799d8825523a50e3b710ca9c12ebbf3479383c53
dictionary-batch:xinhua:0104,1000,倚儿不当,偷懦,bb5bd445d6c155fb8d397c4a9a2c70afcade1d960a48a2e132ea2a987592fb29
dictionary-batch:xinhua:0105,1000,偷托,元朔,edce37e0b4657ee554400a1dc2ea068aacb41c0a1e4c51961d14dd7c1bb22b14
dictionary-batch:xinhua:0106,1000,元机,八斤半,1762ce4fbad5c061edf567764eb9d3bc56e5aa1d5c5845de294e35c352797963
dictionary-batch:xinhua:0107,1000,八旗兵,兵钤,2117bb641faee31b42f2ce4e80e1965f016635fa49c9ea0fe2ceb4a2ecf83125
dictionary-batch:xinhua:0108,1000,兵销革偃,军候,79afbe718af268100a0aac77682eef0e4a7f90a0d3a0e0f1a03e5a6b4cd45276
dictionary-batch:xinhua:0109,1000,军健,净坛,0b72611c378e21bf014adb8a0777a4cc1f32061e6a6a704289d06b15b9b71cac
dictionary-batch:xinhua:0110,1000,净头,凶氛,33f6b4d86c993f85b069500aae8e5dd62dc0e8e135b471b981da995414a9a188
dictionary-batch:xinhua:0111,1000,凶水,刊勒,ae943baf5663b93887d98bc20db12dfc79c1438f454a38b7cf5879bc3b8b1d61
dictionary-batch:xinhua:0112,1000,刊启,刺蜚绣,9b55c96188d4d3d63db761e6e13f8c48fcf3c165b361cd02decde1d42a3e6add
dictionary-batch:xinhua:0113,1000,刺蜜,动念,e786b32e4656264289ab98a0df031ea77c91d731b6ed8a8aa0c03b9584865bcf
dictionary-batch:xinhua:0114,1000,动息,十二层,902802854e8b6d386015857b7b7648abaab94b31d359f588f310c443e1115366
dictionary-batch:xinhua:0115,1000,十二巫峰,卖放,36b37612ac0d1d7194b7a9127b4f49b741987e1bc0bab34327d15a657091761a
dictionary-batch:xinhua:0116,1000,卖昏,卵色,553f21a6f613275edc9cc3b85916c3329924377b1b4ea70449d7b53c1baffeea
dictionary-batch:xinhua:0117,1000,卵蒜,反激,3f5ffa0b7fc5a33d61c82cf58bf943e46ca0fbe3f5ca12baac6d3c2f40004eae
dictionary-batch:xinhua:0118,1000,反状,召对,4623da16c2eb8534cbe0057dd7e6a5047d06c5c51a8b3a0f1ae2108cfb763a63
dictionary-batch:xinhua:0119,1000,召平瓜,合音字,8123d4656d59b4dcea6dda775f29860b1b6c8fea67f4d6a070cbf20fbdd69773
dictionary-batch:xinhua:0120,1000,合韵,含景,7fbee534eb01b3e8f319bb9174db4c4eb4cb9ac5200849cc3c82b97deb7af580
dictionary-batch:xinhua:0121,1000,含枢纽,周谨,ed9d002ead7235fb1e68b039d73f714a38091d77b4bd4bd6e0fc7d50b695517f
dictionary-batch:xinhua:0122,1000,周谱,哀敬,19a35c619a582d9e69afa6278fda5784b545714dfb6f16288c372e74a6f8d13a
dictionary-batch:xinhua:0123,1000,哀文,喂禄,0442a4b81185706b491ef0838809fdb0488b71a1ce932fd879f45c4b35e567cf
dictionary-batch:xinhua:0124,1000,喂糜,嘻嘻嚷嚷,dc398f0dc20f327f933a3eb6e13d1882e2b0b8ae6a90db9a6f068b7b3df7dd24
dictionary-batch:xinhua:0125,1000,嘻嘻旭旭,回指,437a8dd5c450f1db107084a5793398bea87519252e0339f200da5f267b20fce4
dictionary-batch:xinhua:0126,1000,回挠,圣诏,6f91d59a423d3853dfafef2eb01a66b10f87c19d936322f4e2bfe5c43f4c3ad5
dictionary-batch:xinhua:0127,1000,圣译,垂虹亭,167307ea17967fc25d1b59fbaeb478c58bf974c72779b3ee2506480b9892765c
dictionary-batch:xinhua:0128,1000,垂虹桥,壅淤,e01bb143cf820069483abde95c01bdd533978bede40b547f0b137268a501ea31
dictionary-batch:xinhua:0129,1000,壅滞,大好老,922d131523f9b4a78ac67f14bf111ee29d1b03e4a2f2abb7a965265adab9ffbd
dictionary-batch:xinhua:0130,1000,大妃,夭绝,3403611b091de4c8ac60dd87ac5ad01ad1afff1497522ad695604fc6441d350f
dictionary-batch:xinhua:0131,1000,夭美,奏审,e2727b1eb8ec6fd36d12b31b8209a64b7deb2b7fd3bd6d6d11f6554df36158df
dictionary-batch:xinhua:0132,1000,奏对,妪然,7a9ca91123c7d52763af99f18d666cf2fb0b6c59c2646a58ce99677c6281619f
dictionary-batch:xinhua:0133,1000,妪煦,媒氏,016ede8e5d82b7a3fb929ccf320044bbca7f7031f4b7b3ed7699459d6a4068a7
dictionary-batch:xinhua:0134,1000,媒稳婆,孤涂,fd398b4934e59b3560cc41db8b82e5e0079a6d21f7adc3546b011c9cfe8019af
dictionary-batch:xinhua:0135,1000,孤淡,宗卿,6ea54a8fbbfbfe42446a32f1911a719a797856f6c4c5e29096d7b2f84bc3acc5
dictionary-batch:xinhua:0136,1000,宗原,宪极,a2e5a027e5bb81f534526dcb35575b49dc1678aa70dfe75e72a14cacc66a4e6a
dictionary-batch:xinhua:0137,1000,宪檄,密椟,31aa648d7687a16d24610649bac1516bce08342e4f711464270511505ed66501
dictionary-batch:xinhua:0138,1000,密欤,寻环,c2e62c3004977013e75b199bffd3d53fca5ee4f373fd892b79b8a6ef87734801
dictionary-batch:xinhua:0139,1000,寻理,小至,c1c7c04e1a4b70c6d08048570f467bc5d6b8449b1bc7bf44df50da68b176417a
dictionary-batch:xinhua:0140,1000,小舆,层龙绝艺,aa43fc218837d6d35109a95febd1ea251d017bc1b519be5385ac3cdfb6412163
dictionary-batch:xinhua:0141,1000,层𪩘,山精,b2cd1dbdf5c3cec6d76296022f7c392fc597df1c5e0016ebc7aa00cf733ef2e7
dictionary-batch:xinhua:0142,1000,山纪,崛立,6da109c7f3bfde3c8e707c7d4f21caa7f49be23fe1fa4b504ced1e7d2bec8ab9
dictionary-batch:xinhua:0143,1000,崛诡,市买丞,1e733b31d2ecd2ab7e3f0d6ce987c33f3cd45c7bcab6fddc32243b0d829c60d6
dictionary-batch:xinhua:0144,1000,市买司,幢幡,3843bcf19f10e399d3a48c013809bcbc5048df74915ba7c3efce7f4278332927
dictionary-batch:xinhua:0145,1000,幢戟,幼海,0298113735747f819761d482fb66b0995608111bc5b3c9fe0b3a106822b4d36e
dictionary-batch:xinhua:0146,1000,幼眇,庶姬,9909d4e69c03a7e8b7e47b326db144c048e3bbbd3b8934d59198ebe4748e4c99
dictionary-batch:xinhua:0147,1000,庶威,异宜,541f8e011e255c48e3da76a2a88ad7579f3019d78a147dc076f9783c9df28ce6
dictionary-batch:xinhua:0148,1000,异实,弦歌宰,8226495dc0a878bbbeee642f8f32f50ce2c7379e158ac1c0dff291bd0f02e69b
dictionary-batch:xinhua:0149,1000,弦直,征轩,ba1e8fb88bfb94b554859b8195525cfa5a83640f3cf175e613b2c45ef8576eab
dictionary-batch:xinhua:0150,1000,征轮,徽金,db632aa25818014860252f4d069d18422acdbbba7b03719a81a761db8249b19f
dictionary-batch:xinhua:0151,1000,徽钦,怒芒,94e83372e3eee770df3a7e8bd9d2528dfb7f2394d3e801e900fd1f374f27c0fa
dictionary-batch:xinhua:0152,1000,怒蛙,恩泽侯,bf237ecc4f741b96477fac74ff5bd7ba76165827424c7563275469f1feeefb6e
dictionary-batch:xinhua:0153,1000,恩润,悯谏,4590f903b7f9b1529b1d57c1f433dc280db193e0e9d98cd41a9d55a8c88096f2
dictionary-batch:xinhua:0154,1000,悯贫,愚者千虑，亦有一得,3f41d76ed55902f88f9faaf4468ef9445b193231a8384f98ec786f3fcc23029a
dictionary-batch:xinhua:0155,1000,愚者千虑，必有一得,懵如,c06f92d64538b28f6b78dbf428c32c210698a4eaf0cbea12026d07851653a19f
dictionary-batch:xinhua:0156,1000,懵怔,手号,8406836c021e963517d75c6fd84434d6379518183c8997ee838fdb271cde4404
dictionary-batch:xinhua:0157,1000,手号军,扬意,2eb477636a2a8b07073045bcde2171738ac03e103e2cd844b069a52e83986f14
dictionary-batch:xinhua:0158,1000,扬扇,护局,080dc2f0c3b1f4563ee1bb21d92bbcff557f9f88353ca5727fca4533873b71b0
dictionary-batch:xinhua:0159,1000,护度,拥书城,6781dc73e706ac2f42bbc06c8db98182546d511de82911e486b15c14eee036c9
dictionary-batch:xinhua:0160,1000,拥众,挹胜,876c789522aa506054835373f46c01e2e32d687d74d4632b2a8ccafac24c6438
dictionary-batch:xinhua:0161,1000,挹退,探篹,3f4f8c23403c209f3d08d7657a04899ba7e6617c732a66dabed05941790c8dd1
dictionary-batch:xinhua:0162,1000,探细,搘,4da5d57f4651a6d14aa0a2574dbaf7ea9ff01b9be1e539e67bcda13cf6fb6a73
dictionary-batch:xinhua:0163,1000,搘j,撰着,7cafeaf8f495fd3927fd32fb2d4f2ea4bf63ccc327ef54357e4ce1c74f981732
dictionary-batch:xinhua:0164,1000,撰碑,政化,b1cfe7efc5e775b23141572f7b2201d44a359c0db2de80d6e1f2c973b4f2e449
dictionary-batch:xinhua:0165,1000,政历,文匣,2fdadaea3d0173f4d1ff04fb1788e8d81cc418ee81c348177f0ebac9c89c2fd6
dictionary-batch:xinhua:0166,1000,文华殿,斩竿,b16d791e04c82a78d8e131ac30f4aa12fd1e75abc64048d6f1d7fe32d277ab71
dictionary-batch:xinhua:0167,1000,斩级,旌麾,f01e37442e046e59ff2000699e424410edb16c5ace743f7df882d4ab5bed79e8
dictionary-batch:xinhua:0168,1000,旌鼓,旦俫,e998d0f390abe500083ab3bef819a36509df3476ed95a8ce12571788c431d998
dictionary-batch:xinhua:0169,1000,旦儿,昞然,25ca4f9ddc59cb70fdca2470ed031d74c10128ff0fa160e24dc779c35e0e9bd3
dictionary-batch:xinhua:0170,1000,星丁头,晩报,262707b4e8c51946d4a3b74275f174ad9a0b742cde3ae0e9c41bb71834fa503c
dictionary-batch:xinhua:0171,1000,晩接,曲江池,1819c5283d9f3ec4b11d71a630d2e6d061897e804b70ff48c035bb248a77bc99
dictionary-batch:xinhua:0172,1000,曲沮,望夷,304edd735408cb364db359ba55f259d08aab5131819c3444740c79e0d2273ff1
dictionary-batch:xinhua:0173,1000,望宗,朱栊,bceca3c7bfdaa7eefc3279dd8a40d94adecba92e999e6256c81d1a80e41795a6
dictionary-batch:xinhua:0174,1000,朱栏,杖流,08ecc91247cbb414f84f4999367c55801c597fe40e7f1e1f7109e61dce2c1077
dictionary-batch:xinhua:0175,1000,杖父,极杀,b930d0ee27c9fced3bbc5f5bf617edf6aec4ccc113fa5576e68306bbc2b27606
dictionary-batch:xinhua:0176,1000,极果,枯黯,6bea377c3021161c5b3571804dd858a63a68d128d25bd2d25b91d69b6a68ed58
dictionary-batch:xinhua:0177,1000,枯龙,树威,a14cddcabe90566f6d6d7e48f1bac357f5520e832f9d983bda4b8497d8b0cd2c
dictionary-batch:xinhua:0178,1000,树娃子,梁甫吟,ea32ed803b8c8f3760056d896d8025b18a4a622af354e3d403fe45fd823f068e
dictionary-batch:xinhua:0179,1000,梁皇忏,椇枳,48d18c3780d7f26bdf66dec615e4b6e73ff255236e008785bd31980107d843f6
dictionary-batch:xinhua:0180,1000,椊杌,槐采,a7afa9ede136eed00761fe6852c294a6e28c9897532d0dda42b62631e87d37c4
dictionary-batch:xinhua:0181,1000,槐里月,欧母,9c4f9c21d73a0fb4bb7ab7a3032ecf5044cccee8ebe9ea68f53bf6955979c2d8
dictionary-batch:xinhua:0182,1000,欧泄,残夷,1324ade0c7941cfee2df3e8c7be0e9aaa4c281dd5d1e664be16d256f88165993
dictionary-batch:xinhua:0183,1000,残孽,气哺哺,68a7ae6f02296bb97d80c238e6542c2565e6411f0ac289589cf35067b5778b67
dictionary-batch:xinhua:0184,1000,气噎,汲短,e7479f59142a6b2eee53646930b95e0fbb5bbc5678ec19d77046084c77850a9b
dictionary-batch:xinhua:0185,1000,汲绠,河关,8cac1ccbdc4836c95831599efa86cd5f87ade2d4289c67a89346d43e10a77090
dictionary-batch:xinhua:0186,1000,河冀,泻卤,9694f7c935431732888cca2162b73a58b6fcaf005a654400a4eac283e50f5b5d
dictionary-batch:xinhua:0187,1000,泻囊,流羡,f3f0dcd999292204c7b05cdc776291aeda406271d3321ba6c48736f686698d87
dictionary-batch:xinhua:0188,1000,流耀,浸漉,52ab6938b3071a046ddfc0c9b3588202487ba0cf74cbd4f572068507e05ead1b
dictionary-batch:xinhua:0189,1000,浸漫,深耽,913ffd4f60580d239f65a6b9c975efbb06bfb1e51dfb93c07680dea546a27a38
dictionary-batch:xinhua:0190,1000,深至,渝糜墨,f4eba85264481f82aff63ecbbd1183417ff9b9de3f8d8131064efb34eb06fa85
dictionary-batch:xinhua:0191,1000,渝约,溜急,3b5d4705ce2c9aef7cd75e388fd450811606ac8a73dc88379497857991f742f9
dictionary-batch:xinhua:0192,1000,溜打精光,漾舟,753eea143d099a011f2c7b875c2de22be6d1c41dd027a9905ac06ac023c928bd
dictionary-batch:xinhua:0193,1000,漾驰,灭青,afe67d828868a3b6b28f92c719e6a3cbb36ab117b971c2433fc0ea1486db2907
dictionary-batch:xinhua:0194,1000,灰不济,炯眼,f50dde96db5d1c693c11de1e2f03cc5d95f06f1fcfc6756cf55f5701a3beba73
dictionary-batch:xinhua:0195,1000,炯耀,烽逻,6184d61cefe518daf1c49f977ffb4e62f0da8c3e158a44aa8e28d4d93b6d2c11
dictionary-batch:xinhua:0196,1000,烽驿,燃灼,2d1677c02871cab4751c1300941bcef647d72f1c7b19c62b632ea2987f3fccaa
dictionary-batch:xinhua:0197,1000,燃犀,牛溲,3696db09b849d4be64bac42cc55c688c8fdd77cc9b6a8f506a23c66627631f6b
dictionary-batch:xinhua:0198,1000,牛溲马渤,狕,b5633883f8bd36e402aaaf5cb2fdd127774558b989fe29c84669321b6d92469d
dictionary-batch:xinhua:0199,1000,狖轭鼯轩,玄枢,149ad5806b074d8d495d566e4936fd120aed9e3b8071bb72566ba36503ac52e6
dictionary-batch:xinhua:0200,1000,玄枵,王御,5f05fecf293679a72d2dc57eb0f3588ec0f7a5c273f9d15afa3540361e1ae1e5
dictionary-batch:xinhua:0201,1000,王徭,理怀,bd0f54b06369be2be5d0e208b988ed6ff7f56a25482c984b00bea872d5be50d8
dictionary-batch:xinhua:0202,1000,理思,瓜庐,480ca77d23b5f2e91bbc0682f7360dbe78b6d5abd0b241aeeece6957d93f0805
dictionary-batch:xinhua:0203,1000,瓜戍,田邑,7e85fe9188c2aedd02c200e7cd8fb15fbcbbd256048f7bfa4f23c01cc8708894
dictionary-batch:xinhua:0204,1000,田郎,疏注,820252f967165dbdc378051680860da073211dddac5bc9dd6da3f266968ee948
dictionary-batch:xinhua:0205,1000,疏涤,瘅疟,c6ac78d83a5bf71fdeddc711085bd4357ccec4509050a2265bbcb348dcaa3aeb
dictionary-batch:xinhua:0206,1000,瘅疽,皂钱,2ef3daedb6056e0a36814ab9c2037991c9d9d00a8e752eb4fddb0fb60d22942f
dictionary-batch:xinhua:0207,1000,皂隶老官,盛炽,ebbe562ccd82ce1462e3b78edf05525682fb242f4bd1e159872fc53d7df6f496
dictionary-batch:xinhua:0208,1000,盛烈,眃遂,7bb9d7308c0c52bdb3d407a75181d72f7d0a0ed25e8bd31af3e1890f0601aeb0
dictionary-batch:xinhua:0209,1000,眄伺,睫睫,c3b397701fbe4770bde698a8df9a9141130e079476b8f051f5f5a106eb4b28af
dictionary-batch:xinhua:0210,1000,睽仰,矮人,79f4701f06f49785a3c6b760404754183d40db6485e234a2ef24e902169866f7
dictionary-batch:xinhua:0211,1000,矮垛垛,硬扎,af1d0b526e8af35a95dfff0b62589b1882b9f01aaec994e9d72244c4ec4238dc
dictionary-batch:xinhua:0212,1000,硬打挣,祑砢,1890d9c36a2201b3508e3032b1417af0ce852424523cf60d073a54fae03cf0b6
dictionary-batch:xinhua:0213,1000,祑硌,禀生,71849aaa34ac9af34eec4f1d71ae58cb592e6b2a38282bd99db3ff281e53b20c
dictionary-batch:xinhua:0214,1000,禀畏,秀良,87f7c3ed2bca799ab3117ca984263c51acf6fedfc3ea1e1d6b10cabede01e9d2
dictionary-batch:xinhua:0215,1000,秀艳,秘戏图,f82a7d7d9326f92b635ba134e3eaa726cfcfae0d7a0f026af28d9133d80f4ca4
dictionary-batch:xinhua:0216,1000,秘文,稓,1ead92d3bfcefec7320b23f92d96c432a8e47bb1f3be2e726c49178ea5da958a
dictionary-batch:xinhua:0217,1000,稔乱,窃尝,ef247028caa6f733b40779930cefee1ff05c81214bde797b411a9ba389c70032
dictionary-batch:xinhua:0218,1000,窃庇,竹枪,fe91cf98bbb8d48020460a5b0bd421d1bb24da65f3f3a7c0ea1479db9c799cdf
dictionary-batch:xinhua:0219,1000,竹柏,策序,73b39e1c4de2ac6bfe3b973afc781a2ee377fcca82cb946bf7fc7c66097ff536
dictionary-batch:xinhua:0220,1000,策府,籣,b0a663ff33868b22cf4ed85d4b1f3c083f711e747d574026ecd9f47794300bff
dictionary-batch:xinhua:0221,1000,籥,紫磨,96174906215f46eb6e85a6d7d273c952231a3cb55c29d318f07f9b3435107874
dictionary-batch:xinhua:0222,1000,紫禁,纳亨,2dda41ab02ce5963930a0208d38f9fd14c6b8fe7510a570f503d4840b1f9409d
dictionary-batch:xinhua:0223,1000,纳佑,绝胜,35af858673b13ea995c2ed5e5be52bf3750c4a4f1805804fed3ab779d34bf6d1
dictionary-batch:xinhua:0224,1000,绝脉,缓限,8f618d7070fc58df05aafedcc7344f144837eb31b7fedcc2e109370e6a472923
dictionary-batch:xinhua:0225,1000,缓音,羊羧,886deb914502540d19f846a2497e462fb66486f08ecc6e15b591f01ab86cc47e
dictionary-batch:xinhua:0226,1000,羊肆,老娘家,5b9610b24e2de49d9c3a2266a8848caceca63095ef3283bcca171b44766fa1a6
dictionary-batch:xinhua:0227,1000,老婆娘,联宗,1c1e4b216fa0f89ab8bd46657957f9d831cdf85c9f27a89d821a4e2da83ffb93
dictionary-batch:xinhua:0228,1000,联对,胥怨,d1633e488fc4936bc380710f3793cdd20e6a9fc85386a5033ef86d1f6c209450
dictionary-batch:xinhua:0229,1000,胥成,膐,8dfb2c9195e5381fc7f04ab79280667f465099508dd59a71506e0ab40f58a120
dictionary-batch:xinhua:0230,1000,膒膒,般辟,0032cbb83f9f5c71c77d53e8afeb3ead6becb7928accb358f81068d39f00b058
dictionary-batch:xinhua:0231,1000,般运,苏鬼,f4f705b2cd35f6fe4c9a859317a12c010acae7d8d3c12f87f83ed44226a235b5
dictionary-batch:xinhua:0232,1000,苏麻,荚蒾,ae65c5bec23ec72f7bb631f1a1aba65facf5ca0128257d7fb4662e8ff6fb82fe
dictionary-batch:xinhua:0233,1000,荚钱,营缉,8e97009f1363f4854e8b912c42271f0144b59c2ffdd7cf10b7697795e69ffcb0
dictionary-batch:xinhua:0234,1000,营缘,蕃植,611eb5c7e9ba312d9a9e3a98dba987036eb5f3af4e891542c5873cbcfe439b88
dictionary-batch:xinhua:0235,1000,蕃浑,虾兵,686edaab6e94d2b22eb532b7e498bdebe1ffcc2990a2e5318d58332c6c233ecc
dictionary-batch:xinhua:0236,1000,虾助,蜀素,7c37f80c506641a06ab60315217ace688984a052a20eed4c1314a2bd7527705a
dictionary-batch:xinhua:0237,1000,蜀红,蟾窟,4d09d13304509e6598222ad24850c85686ea3549b3ecdf9ec831a012e080455d
dictionary-batch:xinhua:0238,1000,蟾精,衔训,9fbc404615ad7b8dc42d76e5d79ec6286ca43cb4a79c97d99573196296970280
dictionary-batch:xinhua:0239,1000,衔诉,裁整,a4abf48891dab020219b1ece8252e019deb73d480b02fd4bde6376e4a7701a8e
dictionary-batch:xinhua:0240,1000,裁料,要路津,fb9cf6a7d9c90d41f27afd8be5bbb11076fe3da77258cec139eeb5d571ac5fc8
dictionary-batch:xinhua:0241,1000,要躬,言制,01b06217d972c1b35afd7d7e35b8aec358aca2e42ca203199c957d785706ee0a
dictionary-batch:xinhua:0242,1000,言功,讨死,a18dc69b73572eacc4fbb7c05ee263100b435e8a9fa5cd51cd6a6fa5febe5d3b
dictionary-batch:xinhua:0243,1000,讨气,设心,610ad2f95c934434ade171dab86bce0d5adfe5ec49612654ced81dd2c37a5a15
dictionary-batch:xinhua:0244,1000,设念,诗格,63385db9c459baaee41d71c9e777aedd19f2d4452f7fbcf4f6c2df5037d3a123
dictionary-batch:xinhua:0245,1000,诗案,诰令,5c8b562a8642a89917e0cba7c81f98a751d3c9e58cd576a1b8602c95cc9c2b66
dictionary-batch:xinhua:0246,1000,诰券,谋翼,07d52e1ba490c910bc53a48506832ebafa357dcd25b9b1c71337044b11c117c2
dictionary-batch:xinhua:0247,1000,谋虹,谭延(1880-1930),629ccb27b4230a150987f98e02d5b806053849fbd731aac6a34cf83252abefa6
dictionary-batch:xinhua:0248,1000,谭思,贞仁,03a66899887a583999544642a632224516f7f104aab9ffee8eb6948add87aea4
dictionary-batch:xinhua:0249,1000,贞介,贫隘,3ed2f0184fe27ce7b110ebc14e7cb5011f027185f57648f80d088ef4b54eab4d
dictionary-batch:xinhua:0250,1000,贫难,赊头,344ddf14971cae3b71e905f785c02c6cf5c9233256793019bffeae0f7a3d7298
dictionary-batch:xinhua:0251,1000,赊市,赤骨律,55420ac07fac070f3955266b8c4a13d671c1e0b4b2c7ef1c5acfdff0b886f926
dictionary-batch:xinhua:0252,1000,赤骨立,趋士,5d4eeeb96926b6f3177aac286a0c849cc3a274ccca0df200a33827b2fe9a9661
dictionary-batch:xinhua:0253,1000,趋媚,踏顿,db9ceeb1a08a39ff4299a8354b005a5618877093102506e096ea76cb7041ecca
dictionary-batch:xinhua:0254,1000,踏颓,躯干骨,e2b07596dc2c24eafc780b4bdcd1431e020bb4d5fa4163b1b7f893a65202f1f6
dictionary-batch:xinhua:0255,1000,躯材,轻拢慢捻,c48798950020878c84d7e21bba11fdd4632464e0fb39b40757626316a98975f0
dictionary-batch:xinhua:0256,1000,轻挑,辩略,fc9c2f5dafcb097194eb92ebc3ee4449c02d4483e30300c029df50a066be3d5b
dictionary-batch:xinhua:0257,1000,辩省,过蓝,b8622be26159ab220f7dc94535e075e4cf443d335643d80a6f6c87270403f4e7
dictionary-batch:xinhua:0258,1000,过衅,进道若蜷,608e14ef00b672edc376bd40cc06a9f458889b9fe116ee349d1f0818eb9e905d
dictionary-batch:xinhua:0259,1000,进酌,迫怵,9238a79dc7466af2dd827da698623ec3d277e9c7746e2c648387570d97506bcf
dictionary-batch:xinhua:0260,1000,迫恐,逃身,1f4a7c16bba407ffeb98457e8627e03c3d20725c6b1b345368a8c11a3f2da825
dictionary-batch:xinhua:0261,1000,逃躲,通鼻子,0565af3bb34e0d6e1fd8dc3f825674debd180af684187b928dc372b7d8ebcbd4
dictionary-batch:xinhua:0262,1000,通𪹳,遐溯,a3a418ff242b99b2a30bce2c9d3a9cfdd7d26ad36905509d55d9a892daaba5b4
dictionary-batch:xinhua:0263,1000,遐漂,遮当,4e6d3d418d8ae919b508ea2a41781bed41e4f3de44b184194d09c7927469c059
dictionary-batch:xinhua:0264,1000,遮影,邮片,d4887027cd83967b3e3f805076c2a3638d30b1f60028a1d555a168adee26ee67
dictionary-batch:xinhua:0265,1000,邮票志号,配头,cc451e9e2fd05f119f6c8c86334b2af7a013f69cd88ec4de558b6bbcf73aeacd
dictionary-batch:xinhua:0266,1000,配奏,醮台,01249889a72781778751201681477c2837871d23bde978b53ee55fde09cda7bd
dictionary-batch:xinhua:0267,1000,醮告,金凫,642eadfecadbeff4394f044f04cb6c71cce8bd624228ac444c8ceca7403c696f
dictionary-batch:xinhua:0268,1000,金凳,针耨,5b87e8c88d14a0aeefbba56818dec0e6a9a739dc4c4be02093619e53022f7702
dictionary-batch:xinhua:0269,1000,针膏,铜陛,2dd42b42eccd3a420cf38e5c35916dfd31423a5085117eedda8eddde921a050f
dictionary-batch:xinhua:0270,1000,铜雀,镂银,ed360dce7c727aa1bb95dc2a24285fd183219a27f2e3ed2812c4f20f6fd27907
dictionary-batch:xinhua:0271,1000,镂错,闹蛾,beb6f1156e199791bf4479b4988da6e3a7bd2fcf27d229baf711e5aa0c489b98
dictionary-batch:xinhua:0272,1000,闹表,阴马,7d532f07b1289fa863cd1f67d7dcec84a96002e3ea4887334e9c60285f9a2721
dictionary-batch:xinhua:0273,1000,阴驾,陋曲,ef517d26dc44593a321686e26d1f08eed20ef9d8022731677c42d2c883216aca
dictionary-batch:xinhua:0274,1000,陋术,隆宗,c4118fca2c8dacb3c34b11efded80bf4435fbe011a41324268637ea5f7b7b4f0
dictionary-batch:xinhua:0275,1000,隆宠,雄悍,2ea164076a3cccbfd38a372062ed5cdcf704a326fcefe417576073265eafb2a6
dictionary-batch:xinhua:0276,1000,雄情,雷布,d94142e4342cc6a8b9e8bdc6bc561e1460cdc0889560f0bb4d3071aba099070b
dictionary-batch:xinhua:0277,1000,雷师,霸岸,74d89ca49092d79c0e1d922f83833957157ecade128a641fb1d8389fdf6b2e1f
dictionary-batch:xinhua:0278,1000,霸川,静睇,733300ae7bbf8829560bbbb548d62be0dba7a9874e15b7d4057320e496a9e3cd
dictionary-batch:xinhua:0279,1000,静砌,韶夏,a9383b3e6e5c95c63d1eb82d2220b606a46d8c43d795ba8ebe8e68885d3a310e
dictionary-batch:xinhua:0280,1000,韶妙,颇罗,6b390ed62133dd9d5502bc2309f5a987a17d5423ccc91bbc4e2acd3191bcf70b
dictionary-batch:xinhua:0281,1000,颇耐,风花,2ecd67d1d12f2f1d26507061dd66e99952029b8f69edd31d22c262ea925d7f90
dictionary-batch:xinhua:0282,1000,风茄,饫眼,4ed4606178087fcbf8713f043892b07605fa883328f58001013d79115d626f8d
dictionary-batch:xinhua:0283,1000,饫礼,騛,841490a8f92807455060ba19a9cf470941492ac53ed2027b616c06532b69bb22
dictionary-batch:xinhua:0284,1000,騡,驼脂,dccea3bd85aa2eab91329e2866699a336773386b4bbe965a68e91471ee7a7dec
dictionary-batch:xinhua:0285,1000,驼腰,骨冬,5c1742b26ac8fcc9a81df1b3ad4170b5b929c0207e2952eb614eb12a82e9a11e
dictionary-batch:xinhua:0286,1000,骨出,魂守,affc21fbad5cd266df5e9ecbdf697a12b05f0ce8d09f88090988af2bb0666649
dictionary-batch:xinhua:0287,1000,魂帕,鲸寇,0f0d0b1fda585e4a7bfa7dd48a0354d6a078ace927fa6c543e770879b2b17bea
dictionary-batch:xinhua:0288,1000,鲸工船,鸳鸯社,e9ed71d490866473f4aae2669dae19db82e3ab6c893d83d959e449d64049bc5a
dictionary-batch:xinhua:0289,1000,鸳鸯符,麑衣,99d639481be67d272572064f6540b1a0fb1d998e70672753b3e37d950e423847
dictionary-batch:xinhua:0290,1000,麑裘,鼎𩠌,1f0c76811183f5e07d27a6919cabd046255cf22d0bc31a3dae76ea0fcfb9e137
dictionary-batch:xinhua:0291,1000,鼏,龙豆,c946bc08e0da6c5ce57145eecd2a63ab87010c7fa148b94897cd8c8b75a873fe
dictionary-batch:xinhua:0292,1000,龙象会,𬣳𬣳,81ab9a43fefa618d5cd3383b5b4fa7feaf361fb63bba65e8e1532f7e59342d92
dictionary-batch:xinhua:0293,114,𬤊正,𰶎,76bca5fbacc469a3841ba304c9392c29969a99e26107d69c8e0f1a2f35a58bf6
